--
-- PostgreSQL database dump
--

-- Dumped from database version 9.5.1
-- Dumped by pg_dump version 9.5.1

-- Started on 2016-03-11 09:57:06

SET statement_timeout = 0;
SET lock_timeout = 0;
SET client_encoding = 'UTF8';
SET standard_conforming_strings = on;
SET check_function_bodies = false;
SET client_min_messages = warning;
SET row_security = off;

--
-- TOC entry 1 (class 3079 OID 12355)
-- Name: plpgsql; Type: EXTENSION; Schema: -; Owner: 
--

CREATE EXTENSION IF NOT EXISTS plpgsql WITH SCHEMA pg_catalog;


--
-- TOC entry 2253 (class 0 OID 0)
-- Dependencies: 1
-- Name: EXTENSION plpgsql; Type: COMMENT; Schema: -; Owner: 
--

COMMENT ON EXTENSION plpgsql IS 'PL/pgSQL procedural language';


--
-- TOC entry 3 (class 3079 OID 16597)
-- Name: cube; Type: EXTENSION; Schema: -; Owner: 
--

CREATE EXTENSION IF NOT EXISTS cube WITH SCHEMA public;


--
-- TOC entry 2254 (class 0 OID 0)
-- Dependencies: 3
-- Name: EXTENSION cube; Type: COMMENT; Schema: -; Owner: 
--

COMMENT ON EXTENSION cube IS 'data type for multidimensional cubes';


--
-- TOC entry 2 (class 3079 OID 16669)
-- Name: earthdistance; Type: EXTENSION; Schema: -; Owner: 
--

CREATE EXTENSION IF NOT EXISTS earthdistance WITH SCHEMA public;


--
-- TOC entry 2255 (class 0 OID 0)
-- Dependencies: 2
-- Name: EXTENSION earthdistance; Type: COMMENT; Schema: -; Owner: 
--

COMMENT ON EXTENSION earthdistance IS 'calculate great-circle distances on the surface of the Earth';


SET search_path = public, pg_catalog;

--
-- TOC entry 204 (class 1255 OID 16596)
-- Name: random_string(integer); Type: FUNCTION; Schema: public; Owner: postgres
--

CREATE FUNCTION random_string(length integer) RETURNS text
    LANGUAGE plpgsql
    AS $$
declare
  chars text[] := '{0,1,2,3,4,5,6,7,8,9,A,B,C,D,E,F,G,H,I,J,K,L,M,N,O,P,Q,R,S,T,U,V,W,X,Y,Z,a,b,c,d,e,f,g,h,i,j,k,l,m,n,o,p,q,r,s,t,u,v,w,x,y,z}';
  result text := '';
  i integer := 0;
begin
  if length < 0 then
    raise exception 'Given length cannot be less than 0';
  end if;
  for i in 1..length loop
    result := result || chars[1+random()*(array_length(chars, 1)-1)];
  end loop;
  return result;
end;
$$;


ALTER FUNCTION public.random_string(length integer) OWNER TO postgres;

SET default_tablespace = '';

SET default_with_oids = false;

--
-- TOC entry 192 (class 1259 OID 16542)
-- Name: bubblers; Type: TABLE; Schema: public; Owner: postgres
--

CREATE TABLE bubblers (
    id integer NOT NULL,
    description text NOT NULL,
    latitude numeric(9,6) NOT NULL,
    longitude numeric(9,6) NOT NULL,
    park_id integer NOT NULL,
    created_at timestamp(0) without time zone,
    updated_at timestamp(0) without time zone
);


ALTER TABLE bubblers OWNER TO postgres;

--
-- TOC entry 191 (class 1259 OID 16540)
-- Name: bubblers_id_seq; Type: SEQUENCE; Schema: public; Owner: postgres
--

CREATE SEQUENCE bubblers_id_seq
    START WITH 1
    INCREMENT BY 1
    NO MINVALUE
    NO MAXVALUE
    CACHE 1;


ALTER TABLE bubblers_id_seq OWNER TO postgres;

--
-- TOC entry 2256 (class 0 OID 0)
-- Dependencies: 191
-- Name: bubblers_id_seq; Type: SEQUENCE OWNED BY; Schema: public; Owner: postgres
--

ALTER SEQUENCE bubblers_id_seq OWNED BY bubblers.id;


--
-- TOC entry 194 (class 1259 OID 16558)
-- Name: comments; Type: TABLE; Schema: public; Owner: postgres
--

CREATE TABLE comments (
    id integer NOT NULL,
    text text NOT NULL,
    user_id integer NOT NULL,
    bubbler_id integer NOT NULL,
    created_at timestamp(0) without time zone,
    updated_at timestamp(0) without time zone
);


ALTER TABLE comments OWNER TO postgres;

--
-- TOC entry 193 (class 1259 OID 16556)
-- Name: comments_id_seq; Type: SEQUENCE; Schema: public; Owner: postgres
--

CREATE SEQUENCE comments_id_seq
    START WITH 1
    INCREMENT BY 1
    NO MINVALUE
    NO MAXVALUE
    CACHE 1;


ALTER TABLE comments_id_seq OWNER TO postgres;

--
-- TOC entry 2257 (class 0 OID 0)
-- Dependencies: 193
-- Name: comments_id_seq; Type: SEQUENCE OWNED BY; Schema: public; Owner: postgres
--

ALTER SEQUENCE comments_id_seq OWNED BY comments.id;


--
-- TOC entry 183 (class 1259 OID 16495)
-- Name: migrations; Type: TABLE; Schema: public; Owner: postgres
--

CREATE TABLE migrations (
    migration character varying(255) NOT NULL,
    batch integer NOT NULL
);


ALTER TABLE migrations OWNER TO postgres;

--
-- TOC entry 190 (class 1259 OID 16529)
-- Name: parks; Type: TABLE; Schema: public; Owner: postgres
--

CREATE TABLE parks (
    id integer NOT NULL,
    name character varying(50) NOT NULL,
    code character varying(5) NOT NULL,
    suburb_id integer NOT NULL
);


ALTER TABLE parks OWNER TO postgres;

--
-- TOC entry 189 (class 1259 OID 16527)
-- Name: parks_id_seq; Type: SEQUENCE; Schema: public; Owner: postgres
--

CREATE SEQUENCE parks_id_seq
    START WITH 1
    INCREMENT BY 1
    NO MINVALUE
    NO MAXVALUE
    CACHE 1;


ALTER TABLE parks_id_seq OWNER TO postgres;

--
-- TOC entry 2258 (class 0 OID 0)
-- Dependencies: 189
-- Name: parks_id_seq; Type: SEQUENCE OWNED BY; Schema: public; Owner: postgres
--

ALTER SEQUENCE parks_id_seq OWNED BY parks.id;


--
-- TOC entry 186 (class 1259 OID 16511)
-- Name: password_resets; Type: TABLE; Schema: public; Owner: postgres
--

CREATE TABLE password_resets (
    email character varying(255) NOT NULL,
    token character varying(255) NOT NULL,
    created_at timestamp(0) without time zone NOT NULL
);


ALTER TABLE password_resets OWNER TO postgres;

--
-- TOC entry 196 (class 1259 OID 16579)
-- Name: ratings; Type: TABLE; Schema: public; Owner: postgres
--

CREATE TABLE ratings (
    id integer NOT NULL,
    value integer NOT NULL,
    user_id integer NOT NULL,
    bubbler_id integer NOT NULL,
    created_at timestamp(0) without time zone,
    updated_at timestamp(0) without time zone
);


ALTER TABLE ratings OWNER TO postgres;

--
-- TOC entry 195 (class 1259 OID 16577)
-- Name: ratings_id_seq; Type: SEQUENCE; Schema: public; Owner: postgres
--

CREATE SEQUENCE ratings_id_seq
    START WITH 1
    INCREMENT BY 1
    NO MINVALUE
    NO MAXVALUE
    CACHE 1;


ALTER TABLE ratings_id_seq OWNER TO postgres;

--
-- TOC entry 2259 (class 0 OID 0)
-- Dependencies: 195
-- Name: ratings_id_seq; Type: SEQUENCE OWNED BY; Schema: public; Owner: postgres
--

ALTER SEQUENCE ratings_id_seq OWNED BY ratings.id;


--
-- TOC entry 188 (class 1259 OID 16521)
-- Name: suburbs; Type: TABLE; Schema: public; Owner: postgres
--

CREATE TABLE suburbs (
    id integer NOT NULL,
    name character varying(20) NOT NULL
);


ALTER TABLE suburbs OWNER TO postgres;

--
-- TOC entry 187 (class 1259 OID 16519)
-- Name: suburbs_id_seq; Type: SEQUENCE; Schema: public; Owner: postgres
--

CREATE SEQUENCE suburbs_id_seq
    START WITH 1
    INCREMENT BY 1
    NO MINVALUE
    NO MAXVALUE
    CACHE 1;


ALTER TABLE suburbs_id_seq OWNER TO postgres;

--
-- TOC entry 2260 (class 0 OID 0)
-- Dependencies: 187
-- Name: suburbs_id_seq; Type: SEQUENCE OWNED BY; Schema: public; Owner: postgres
--

ALTER SEQUENCE suburbs_id_seq OWNED BY suburbs.id;


--
-- TOC entry 185 (class 1259 OID 16500)
-- Name: users; Type: TABLE; Schema: public; Owner: postgres
--

CREATE TABLE users (
    id integer NOT NULL,
    name character varying(255) NOT NULL,
    email character varying(255) NOT NULL,
    password character varying(255) NOT NULL,
    remember_token character varying(100),
    created_at timestamp(0) without time zone,
    updated_at timestamp(0) without time zone
);


ALTER TABLE users OWNER TO postgres;

--
-- TOC entry 184 (class 1259 OID 16498)
-- Name: users_id_seq; Type: SEQUENCE; Schema: public; Owner: postgres
--

CREATE SEQUENCE users_id_seq
    START WITH 1
    INCREMENT BY 1
    NO MINVALUE
    NO MAXVALUE
    CACHE 1;


ALTER TABLE users_id_seq OWNER TO postgres;

--
-- TOC entry 2261 (class 0 OID 0)
-- Dependencies: 184
-- Name: users_id_seq; Type: SEQUENCE OWNED BY; Schema: public; Owner: postgres
--

ALTER SEQUENCE users_id_seq OWNED BY users.id;


--
-- TOC entry 2093 (class 2604 OID 16545)
-- Name: id; Type: DEFAULT; Schema: public; Owner: postgres
--

ALTER TABLE ONLY bubblers ALTER COLUMN id SET DEFAULT nextval('bubblers_id_seq'::regclass);


--
-- TOC entry 2094 (class 2604 OID 16561)
-- Name: id; Type: DEFAULT; Schema: public; Owner: postgres
--

ALTER TABLE ONLY comments ALTER COLUMN id SET DEFAULT nextval('comments_id_seq'::regclass);


--
-- TOC entry 2092 (class 2604 OID 16532)
-- Name: id; Type: DEFAULT; Schema: public; Owner: postgres
--

ALTER TABLE ONLY parks ALTER COLUMN id SET DEFAULT nextval('parks_id_seq'::regclass);


--
-- TOC entry 2095 (class 2604 OID 16582)
-- Name: id; Type: DEFAULT; Schema: public; Owner: postgres
--

ALTER TABLE ONLY ratings ALTER COLUMN id SET DEFAULT nextval('ratings_id_seq'::regclass);


--
-- TOC entry 2091 (class 2604 OID 16524)
-- Name: id; Type: DEFAULT; Schema: public; Owner: postgres
--

ALTER TABLE ONLY suburbs ALTER COLUMN id SET DEFAULT nextval('suburbs_id_seq'::regclass);


--
-- TOC entry 2090 (class 2604 OID 16503)
-- Name: id; Type: DEFAULT; Schema: public; Owner: postgres
--

ALTER TABLE ONLY users ALTER COLUMN id SET DEFAULT nextval('users_id_seq'::regclass);


--
-- TOC entry 2241 (class 0 OID 16542)
-- Dependencies: 192
-- Data for Name: bubblers; Type: TABLE DATA; Schema: public; Owner: postgres
--

COPY bubblers (id, description, latitude, longitude, park_id, created_at, updated_at) FROM stdin;
1474	Drinking Fountain	-27.449099	153.029215	1894	2016-03-01 14:56:50	\N
1475	Bubbler & Tap	-27.448864	153.029337	1894	2016-03-01 14:56:50	\N
1476	Bubbler & Tap	-27.448187	153.030247	1894	2016-03-01 14:56:50	\N
1477	Diabled access Bubbler	-27.448790	153.036208	1895	2016-03-01 14:56:50	\N
1478	Bubbler	-27.466008	153.030181	1896	2016-03-01 14:56:50	\N
1479	Bubbler	-27.466487	153.026467	1897	2016-03-01 14:56:50	\N
1480	Bowl shaped Drinking Fountain	-27.466352	153.026639	1897	2016-03-01 14:56:50	\N
1481	Bubbler & tap near chess pavement	-27.465793	153.023694	1898	2016-03-01 14:56:50	\N
1482	Bubbler & anti-vandal tap near Jacobs Ladder	-27.465865	153.024372	1898	2016-03-01 14:56:50	\N
1483	Bubbler & 2 taps	-27.467030	153.021558	1899	2016-03-01 14:56:50	\N
1484	Bubbler & 2 taps	-27.467102	153.022216	1899	2016-03-01 14:56:50	\N
1485	Diabled access Bubbler	-27.475407	153.028676	1900	2016-03-01 14:56:50	\N
1486	Drinking Fountain	-27.478900	153.028747	1900	2016-03-01 14:56:50	\N
1487	Diabled access Bubbler	-27.477284	153.030437	1900	2016-03-01 14:56:50	\N
1488	Diabled access Bubbler	-27.474422	153.030538	1900	2016-03-01 14:56:50	\N
1489	Disabled access fountain	-27.476074	153.030721	1900	2016-03-01 14:56:50	\N
1490	Bubbler & 2 taps	-27.476111	153.028990	1900	2016-03-01 14:56:50	\N
1491	Bubbler & 2 taps	-27.476426	153.029638	1900	2016-03-01 14:56:50	\N
1492	Bubbler & 2 taps	-27.473122	153.030042	1900	2016-03-01 14:56:50	\N
1493	Bubbler & Tap	-27.475749	153.030670	1900	2016-03-01 14:56:50	\N
1494	Bubbler & Tap	-27.475641	153.030720	1900	2016-03-01 14:56:50	\N
1495	Bubbler & 2 taps	-27.474675	153.031226	1900	2016-03-01 14:56:50	\N
1496	Bubbler & Tap	-27.474630	153.031267	1900	2016-03-01 14:56:50	\N
1497	Bubbler & 2 taps	-27.478954	153.029324	1900	2016-03-01 14:56:50	\N
1498	Bubbler & Tap	-27.477970	153.031247	1900	2016-03-01 14:56:50	\N
1499	Diabled access Bubbler	-27.473583	153.029191	1900	2016-03-01 14:56:50	\N
1500	Bubbler & Tap	-27.479316	153.029132	1900	2016-03-01 14:56:50	\N
1501	Diabled access Bubbler	-27.475018	153.027947	1900	2016-03-01 14:56:50	\N
1502	Bubbler & 2 taps	-27.477347	153.031429	1900	2016-03-01 14:56:50	\N
1503	Bubbler & 2 taps	-27.473266	153.030750	1900	2016-03-01 14:56:50	\N
1504	Bubbler	-27.468257	153.024008	1901	2016-03-01 14:56:50	\N
1505	Drinking Fountain	-27.468122	153.024028	1901	2016-03-01 14:56:50	\N
1506	Bubbler	-27.468474	153.024635	1901	2016-03-01 14:56:50	\N
1507	Drinking Fountain	-27.463525	153.031092	1902	2016-03-01 14:56:50	\N
1508	Drinking Fountain	-27.467345	153.027581	1903	2016-03-01 14:56:50	\N
1509	Drinking Fountain	-27.464329	153.031699	1904	2016-03-01 14:56:50	\N
1510	Bubbler, tap & dog bowl	-27.454417	153.025503	1905	2016-03-01 14:56:50	\N
1511	Bubbler & 2 taps	-27.453939	153.025665	1905	2016-03-01 14:56:50	\N
1512	Bubbler & 2 taps	-27.454029	153.026049	1905	2016-03-01 14:56:50	\N
1513	Bubbler, tap & dog bowl	-27.450697	153.026311	1905	2016-03-01 14:56:50	\N
1514	Diabled access Bubbler	-27.454507	153.025088	1905	2016-03-01 14:56:50	\N
1515	Bubbler	-27.455871	153.021253	1905	2016-03-01 14:56:50	\N
1516	Bubbler	-27.455709	153.021566	1905	2016-03-01 14:56:50	\N
1517	Bubbler	-27.451032	153.023326	1905	2016-03-01 14:56:50	\N
1518	Drinking Fountain	-27.451366	153.024358	1905	2016-03-01 14:56:50	\N
1519	Bubbler & 2 taps	-27.457577	153.023692	1905	2016-03-01 14:56:50	\N
1520	Bubbler & Tap	-27.453044	153.027789	1905	2016-03-01 14:56:50	\N
1521	Bubbler & Tap	-27.442582	153.020501	1906	2016-03-01 14:56:50	\N
1522	Drinking Fountain	-27.454058	153.012276	1907	2016-03-01 14:56:50	\N
1523		-27.453182	153.014988	1908	2016-03-01 14:56:50	\N
1524	Drinking Fountain	-27.454716	153.015899	1909	2016-03-01 14:56:50	\N
1525	Diabled access Bubbler	-27.451593	153.013510	1910	2016-03-01 14:56:50	\N
1526	Fountain - Disabled Access	-27.475420	153.044739	1911	2016-03-01 14:56:50	\N
1527	Bubbler & Tap	-27.475357	153.044173	1911	2016-03-01 14:56:50	\N
1528	Bubbler	-27.462946	153.038611	1912	2016-03-01 14:56:50	\N
1529	Bubbler	-27.463451	153.039148	1912	2016-03-01 14:56:50	\N
1530	Drinking Fountain (Urban fountains and Furniture)	-27.468403	153.052297	1913	2016-03-01 14:56:50	\N
1531	Drinking Fountain (Urban fountains and Furniture)	-27.468547	153.052409	1913	2016-03-01 14:56:50	\N
1532	Drinking Fountain (Urban fountains and Furniture)	-27.468547	153.052500	1913	2016-03-01 14:56:50	\N
1533	Bubbler & 2 taps	-27.468070	153.050273	1913	2016-03-01 14:56:50	\N
1534	Bubbler & Tap	-27.467898	153.051487	1913	2016-03-01 14:56:50	\N
1535		-27.467718	153.049281	1913	2016-03-01 14:56:50	\N
1536	Bubbler & Tap	-27.468241	153.051164	1913	2016-03-01 14:56:50	\N
1537	Bubbler - single	-27.468430	153.052226	1913	2016-03-01 14:56:50	\N
1538	Bowl fountain TW001	-27.468674	153.052480	1913	2016-03-01 14:56:50	\N
1539		-27.471256	153.051803	1913	2016-03-01 14:56:50	\N
1540	Drinking Fountain 3 tiered	-27.471084	153.051833	1913	2016-03-01 14:56:50	\N
1541		-27.471012	153.051914	1913	2016-03-01 14:56:50	\N
1542	Disabled access fountain	-27.470760	153.051175	1913	2016-03-01 14:56:50	\N
1543	Bubbler	-27.468973	153.049716	1913	2016-03-01 14:56:50	\N
1544	Bubbler & 2 taps	-27.468828	153.049909	1913	2016-03-01 14:56:50	\N
1545	Bubbler & 2 taps	-27.469785	153.050608	1913	2016-03-01 14:56:50	\N
1546	Bubbler & 2 taps	-27.470218	153.050911	1913	2016-03-01 14:56:50	\N
1547	Bubbler & 2 taps	-27.468800	153.052105	1913	2016-03-01 14:56:50	\N
1548	Bubbler & Tap	-27.468818	153.052105	1913	2016-03-01 14:56:50	\N
1549	Bubbler & Tap	-27.468683	153.052125	1913	2016-03-01 14:56:50	\N
1550	Bubbler & Tap	-27.470606	153.052298	1913	2016-03-01 14:56:50	\N
1551	Bubbler & 2 taps	-27.470001	153.053017	1913	2016-03-01 14:56:50	\N
1552	Bubbler & 2 taps	-27.468412	153.051801	1913	2016-03-01 14:56:50	\N
1553	Drinking fountain	-27.469342	153.053300	1913	2016-03-01 14:56:50	\N
1554	Drinking Fountain (Urban fountains and Furniture)	-27.469919	153.053553	1913	2016-03-01 14:56:50	\N
1555	Bubbler & 2 taps	-27.468431	153.048643	1913	2016-03-01 14:56:50	\N
1556	Bubbler & 2 taps	-27.467779	153.054200	1914	2016-03-01 14:56:50	\N
1557	Bubbler	-27.465333	153.052529	1915	2016-03-01 14:56:50	\N
1558	Bubbler	-27.470871	153.041043	1916	2016-03-01 14:56:50	\N
1559	Bubbler & Tap	-27.437220	153.013508	1917	2016-03-01 14:56:50	\N
1560	Bubbler & Tap	-27.440777	153.013023	1918	2016-03-01 14:56:50	\N
1561	Bubbler & 2 taps	-27.440805	153.011981	1918	2016-03-01 14:56:50	\N
1562	Bubbler, tap & dog bowl	-27.458303	153.046392	1919	2016-03-01 14:56:50	\N
1563	Bubbler & Tap	-27.457129	153.046412	1919	2016-03-01 14:56:50	\N
1564	Drinking Fountain	-27.459078	153.050582	1920	2016-03-01 14:56:50	\N
1565	Bubbler & 2 taps	-27.464899	153.021123	1921	2016-03-01 14:56:50	\N
1566	Bubbler & 2 taps	-27.465152	153.021497	1921	2016-03-01 14:56:50	\N
1567	Bubbler & 2 taps	-27.465351	153.021912	1921	2016-03-01 14:56:50	\N
1568	Bubbler	-27.463879	153.022884	1922	2016-03-01 14:56:50	\N
1569	Drinking Fountain	-27.460853	153.031931	1923	2016-03-01 14:56:50	\N
1570	Drinking Fountain	-27.459543	153.034542	1924	2016-03-01 14:56:50	\N
1571	Bubbler & 2 taps	-27.440588	153.016180	1925	2016-03-01 14:56:50	\N
1572	Bubbler & 2 taps	-27.441192	153.019540	1925	2016-03-01 14:56:50	\N
1573	Bubbler & Tap	-27.440551	153.022322	1926	2016-03-01 14:56:50	\N
1574	Bubbler & Tap	-27.439864	153.022474	1926	2016-03-01 14:56:50	\N
1575	Bubbler & Tap	-27.439332	153.022605	1926	2016-03-01 14:56:50	\N
1576	Bubbler & Tap	-27.439702	153.023658	1926	2016-03-01 14:56:50	\N
1577	Bubbler & Tap	-27.439855	153.025206	1926	2016-03-01 14:56:50	\N
1578	Bubbler & Tap	-27.440875	153.024903	1926	2016-03-01 14:56:50	\N
1579	Bubbler & Tap	-27.441896	153.022727	1926	2016-03-01 14:56:50	\N
1580	Bubbler with dog bowl	-27.440875	153.024903	1926	2016-03-01 14:56:50	\N
1581	Bubbler & Tap	-27.441516	153.025166	1926	2016-03-01 14:56:50	\N
1582	Bubbler & 2 taps	-27.431892	153.023848	1927	2016-03-01 14:56:50	\N
1583	Bubbler & Tap	-27.430762	153.032256	1928	2016-03-01 14:56:50	\N
1584	Bubbler & Dog bowl	-27.443583	153.025794	1929	2016-03-01 14:56:50	\N
1585	Bubbler 2 taps & dog bowl	-27.443457	153.026704	1929	2016-03-01 14:56:50	\N
1586	Bubbler & Tap	-27.489361	153.063503	1930	2016-03-01 14:56:50	\N
1587	Bubbler & Tap	-27.488910	153.063250	1930	2016-03-01 14:56:50	\N
1588	Bubbler	-27.489010	153.060750	1930	2016-03-01 14:56:50	\N
1589	Bubbler & Tap	-27.489426	153.060801	1930	2016-03-01 14:56:50	\N
1590	Bubbler & Tap	-27.489164	153.061337	1930	2016-03-01 14:56:50	\N
1591	Drinking Fountain	-27.488180	153.059869	1930	2016-03-01 14:56:50	\N
1592	Bubbler & Tap	-27.489174	153.058432	1930	2016-03-01 14:56:50	\N
1593	Bubbler	-27.495470	153.048544	1931	2016-03-01 14:56:50	\N
1594	Bubbler	-27.495488	153.048544	1931	2016-03-01 14:56:50	\N
1595	Bubbler & 2 taps	-27.488906	153.051487	1932	2016-03-01 14:56:50	\N
1596	Bubbler, tap & dog bowl	-27.496848	153.025958	1933	2016-03-01 14:56:50	\N
1597		-27.496027	153.024885	1933	2016-03-01 14:56:50	\N
1598	Bubbler - Disabled Access	-27.496885	153.025442	1933	2016-03-01 14:56:50	\N
1599	Bubbler & Tap	-27.495982	153.024834	1933	2016-03-01 14:56:50	\N
1600	Bubbler & Tap	-27.496460	153.025573	1933	2016-03-01 14:56:50	\N
1601	Bubbler & 2 taps	-27.496469	153.027426	1934	2016-03-01 14:56:50	\N
1602	Bubbler & Tap	-27.490462	153.042822	1935	2016-03-01 14:56:50	\N
1603		-27.489920	153.042245	1935	2016-03-01 14:56:50	\N
1604	Bubbler & tap	-27.483455	153.045482	1936	2016-03-01 14:56:50	\N
1605	Fountain - Disabled Access	-27.477678	153.042878	1937	2016-03-01 14:56:50	\N
1606	Bubbler & 2 taps	-27.478291	153.044477	1937	2016-03-01 14:56:50	\N
1607	Bubbler & 2 taps	-27.478896	153.044548	1937	2016-03-01 14:56:50	\N
1608	Bubbler & Tap	-27.481260	153.048690	1938	2016-03-01 14:56:50	\N
1609	Bubbler 2 taps & dog bowl	-27.480366	153.049023	1938	2016-03-01 14:56:50	\N
1610	Bubbler & Tap	-27.491616	153.046457	1939	2016-03-01 14:56:50	\N
1611	Bubbler & Tap	-27.491814	153.047014	1939	2016-03-01 14:56:50	\N
1612	Bubbler & Tap	-27.491625	153.047793	1939	2016-03-01 14:56:50	\N
1613	Bubbler & 2 taps	-27.489140	153.012442	1940	2016-03-01 14:56:50	\N
1614	Bubbler	-27.486955	153.016582	1941	2016-03-01 14:56:50	\N
1615	Bubbler & 2 taps	-27.488589	153.016167	1942	2016-03-01 14:56:50	\N
1616	Bubbler & Tap	-27.465203	153.035454	1943	2016-03-01 14:56:50	\N
1617	Bubbler & Tap	-27.465402	153.034574	1943	2016-03-01 14:56:50	\N
1618		-27.465474	153.035333	1943	2016-03-01 14:56:50	\N
1619	Bubbler, tap & dog bowl	-27.470016	153.034423	1944	2016-03-01 14:56:50	\N
1620	Bubbler	-27.471171	153.034353	1944	2016-03-01 14:56:50	\N
1621	Bubbler, tap & dog bowl	-27.481308	153.039498	1945	2016-03-01 14:56:50	\N
1622	Bubbler & 2 taps	-27.481308	153.039498	1945	2016-03-01 14:56:50	\N
1623	Bubbler & tap	-27.480866	153.038263	1945	2016-03-01 14:56:50	\N
1624	Bubbler & 2 taps	-27.480180	153.038820	1945	2016-03-01 14:56:50	\N
1625	Drinking Fountain Apollo 400	-27.481554	153.032028	1946	2016-03-01 14:56:50	\N
1626	Bubbler & 2 taps	-27.479414	153.033495	1946	2016-03-01 14:56:50	\N
1627	Drinking Fountain Apollo 400	-27.481455	153.032129	1946	2016-03-01 14:56:50	\N
1628	Bubbler	-27.480795	153.033242	1946	2016-03-01 14:56:50	\N
1629	Bubbler - appollo 400	-27.479757	153.033262	1946	2016-03-01 14:56:50	\N
1630	Bubbler	-27.481961	153.027999	1946	2016-03-01 14:56:50	\N
1631	Bubbler	-27.482339	153.029983	1946	2016-03-01 14:56:50	\N
1632	One bubbler	-27.477653	153.034233	1946	2016-03-01 14:56:50	\N
1633	Drinking Fountain	-27.475378	153.034364	1946	2016-03-01 14:56:50	\N
1634	Drinking Fountain	-27.478664	153.034183	1946	2016-03-01 14:56:50	\N
1635	Bubbler & 2 taps	-27.478014	153.034517	1946	2016-03-01 14:56:50	\N
1636	Bubbler	-27.481734	153.032666	1946	2016-03-01 14:56:50	\N
1637		-27.481274	153.032888	1946	2016-03-01 14:56:50	\N
1638	Bubbler & 2 Taps	-27.479161	153.033495	1946	2016-03-01 14:56:50	\N
1639	Bubbler & 2 taps	-27.478601	153.033748	1946	2016-03-01 14:56:50	\N
1640	Bubbler & 2 taps	-27.478719	153.033829	1946	2016-03-01 14:56:50	\N
1641	Bubbler & 2 taps	-27.478836	153.033849	1946	2016-03-01 14:56:50	\N
1642	Bubbler & Tap	-27.471996	153.016711	1947	2016-03-01 14:56:50	\N
1643	Diabled access Bubbler	-27.479020	153.016732	1948	2016-03-01 14:56:50	\N
1644	Bubbler & 2 taps	-27.478930	153.015396	1948	2016-03-01 14:56:50	\N
1645	Bubbler & 2 taps	-27.478379	153.015953	1948	2016-03-01 14:56:50	\N
1646	Bubbler & 2 taps	-27.479029	153.016499	1948	2016-03-01 14:56:50	\N
1647	Bubbler & 2 taps	-27.478108	153.016439	1948	2016-03-01 14:56:50	\N
1648	Bubbler & 2 taps	-27.479480	153.016186	1948	2016-03-01 14:56:50	\N
1649	Bubbler 2 taps	-27.482233	153.021156	1949	2016-03-01 14:56:50	\N
1650	Unit attached to seat and bin	-27.469685	153.017156	1950	2016-03-01 14:56:50	\N
1651		-27.469703	153.015192	1950	2016-03-01 14:56:50	\N
1652	Bubbler & 2 taps	-27.469703	153.016296	1950	2016-03-01 14:56:50	\N
1653	Disabled access fountain	-27.481889	153.025428	1951	2016-03-01 14:56:50	\N
1654		-27.486487	152.997479	1952	2016-03-01 14:56:50	\N
1655	Bubbler & Tap	-27.488960	152.997398	1952	2016-03-01 14:56:50	\N
1656	Bubbler & 2 taps	-27.489385	152.997388	1952	2016-03-01 14:56:50	\N
1657	Bubbler & Tap	-27.489574	152.998006	1952	2016-03-01 14:56:50	\N
1658	Bubbler & Tap	-27.489926	153.001195	1952	2016-03-01 14:56:50	\N
1659		-27.487083	152.996710	1952	2016-03-01 14:56:50	\N
1660	Bubbler & Tap	-27.478443	153.006084	1953	2016-03-01 14:56:50	\N
1661	Bubbler & Tap	-27.478994	153.003664	1953	2016-03-01 14:56:50	\N
1662	Memorial Drinking Fountain	-27.477170	153.004585	1953	2016-03-01 14:56:50	\N
1663	Bubbler - Disabled Access	-27.486274	153.036443	1954	2016-03-01 14:56:50	\N
1664	Bubbler & 2 taps	-27.496340	153.038765	1955	2016-03-01 14:56:50	\N
1665	Bubbler, tap & dog bowl	-27.499834	153.037551	1956	2016-03-01 14:56:50	\N
1666	Drinking Fountain 3 level	-27.508809	153.077882	1957	2016-03-01 14:56:50	\N
1667		-27.514354	153.074241	1957	2016-03-01 14:56:50	\N
1668	Bubbler & Tap	-27.507898	153.076008	1957	2016-03-01 14:56:50	\N
1669	Bubbler & 2 taps	-27.509414	153.078338	1957	2016-03-01 14:56:50	\N
1670	Bubbler & Tap	-27.511183	153.079230	1957	2016-03-01 14:56:50	\N
1671	Bubbler & 2 taps	-27.509350	153.079583	1957	2016-03-01 14:56:50	\N
1672	Bubbler & Tap	-27.509359	153.079604	1957	2016-03-01 14:56:50	\N
1673	Bubbler & Tap	-27.501722	153.183657	1958	2016-03-01 14:56:50	\N
1674	Bubbler & Tap	-27.514216	153.094563	1959	2016-03-01 14:56:50	\N
1675	Drinking Fountain Apollo 400	-27.497711	153.108489	1960	2016-03-01 14:56:50	\N
1676	Drinking Fountain	-27.496863	153.108833	1960	2016-03-01 14:56:50	\N
1677	Bubbler & 2 taps	-27.497847	153.108793	1960	2016-03-01 14:56:50	\N
1678	Bubbler & Tap	-27.497260	153.108995	1960	2016-03-01 14:56:50	\N
1679	Bubbler 2 taps & dog bowl	-27.498072	153.109209	1960	2016-03-01 14:56:50	\N
1680	Bubbler & Tap	-27.497286	153.109825	1960	2016-03-01 14:56:50	\N
1681	Bubbler & Tap	-27.505388	153.105156	1961	2016-03-01 14:56:50	\N
1682	Bubbler & Tap	-27.504864	153.105226	1961	2016-03-01 14:56:50	\N
1683	Bubbler & Tap	-27.506539	153.111110	1962	2016-03-01 14:56:50	\N
1684	Bubbler	-27.510835	153.112036	1963	2016-03-01 14:56:50	\N
1685	Bubbler	-27.512933	153.107907	1964	2016-03-01 14:56:50	\N
1686	Bubbler & tap	-27.510459	153.108583	1965	2016-03-01 14:56:50	\N
1687	Bubbler & 2 taps	-27.512986	153.109335	1965	2016-03-01 14:56:50	\N
1688	Bubbler & 2 taps	-27.506244	153.107384	1966	2016-03-01 14:56:50	\N
1689	Bubbler & Tap	-27.497048	153.113966	1967	2016-03-01 14:56:50	\N
1690	Bubbler & Tap	-27.521069	153.117049	1968	2016-03-01 14:56:50	\N
1691	Bubbler & Tap	-27.526630	153.105753	1969	2016-03-01 14:56:50	\N
1692	Bubbler & Tap	-27.527071	153.107303	1969	2016-03-01 14:56:50	\N
1693	Bubbler & Tap	-27.525728	153.115899	1970	2016-03-01 14:56:50	\N
1694	Bubbler & 2 taps	-27.524668	153.120131	1971	2016-03-01 14:56:50	\N
1695	Bubbler & Tap	-27.516839	153.122897	1972	2016-03-01 14:56:50	\N
1696	Bubbler Red Apollo 400	-27.528244	153.119679	1973	2016-03-01 14:56:50	\N
1697	Bubbler & 2 taps	-27.528181	153.119497	1973	2016-03-01 14:56:50	\N
1698	Bubbler	-27.542417	153.119796	1974	2016-03-01 14:56:50	\N
1699	Bubbler, tap & dog bowl	-27.531069	153.109717	1975	2016-03-01 14:56:50	\N
1700	Bubbler & Tap	-27.522715	153.101648	1976	2016-03-01 14:56:50	\N
1701	Bubbler, tap & dog bowl	-27.522453	153.102235	1976	2016-03-01 14:56:50	\N
1702	Bubbler & Tap	-27.484047	153.125300	1977	2016-03-01 14:56:50	\N
1703	Bubbler & Tap	-27.483246	153.122880	1978	2016-03-01 14:56:50	\N
1704	Bubbler & Tap	-27.490381	153.129600	1979	2016-03-01 14:56:50	\N
1705	Bubbler & Tap	-27.489189	153.129983	1979	2016-03-01 14:56:50	\N
1706	Bubbler & Single Tap	-27.465801	153.090918	1980	2016-03-01 14:56:50	\N
1707	Drinking Fountain	-27.492109	153.090707	1981	2016-03-01 14:56:50	\N
1708	Bubbler & Tap	-27.495292	153.095933	1982	2016-03-01 14:56:50	\N
1709	Disabled Access Drinking Fountain	-27.493640	153.119227	1983	2016-03-01 14:56:50	\N
1710	Spring-loaded tap	-27.493216	153.118922	1983	2016-03-01 14:56:50	\N
1711	Bubbler & 2 taps	-27.490112	153.116500	1983	2016-03-01 14:56:50	\N
1712	Bubbler 2 taps & dog bowl	-27.493299	153.116554	1983	2016-03-01 14:56:50	\N
1713	Bubbler & 2 taps	-27.489525	153.116651	1983	2016-03-01 14:56:50	\N
1714	Bubbler & 2 taps	-27.491917	153.117129	1983	2016-03-01 14:56:50	\N
1715	Bubbler & 2 taps	-27.491231	153.117199	1983	2016-03-01 14:56:50	\N
1716	Bubbler 2 taps & dog bowl	-27.493208	153.117515	1983	2016-03-01 14:56:50	\N
1717	Bubbler & 2 taps	-27.491447	153.117868	1983	2016-03-01 14:56:50	\N
1718	Bubbler & Tap	-27.493289	153.118032	1983	2016-03-01 14:56:50	\N
1719	Bubbler & 2 taps	-27.489100	153.118098	1983	2016-03-01 14:56:50	\N
1720	Bubbler & Tap	-27.490617	153.118201	1983	2016-03-01 14:56:50	\N
1721	Bubbler & 2 taps	-27.493694	153.119328	1983	2016-03-01 14:56:50	\N
1722	Bubbler &Tap	-27.477716	153.094461	1984	2016-03-01 14:56:50	\N
1723	Bubbler & Tap	-27.489455	153.103298	1985	2016-03-01 14:56:50	\N
1724	Bubbler & 2 taps	-27.450427	153.125606	1986	2016-03-01 14:56:50	\N
1725	Drinking Fountain	-27.457484	153.128610	1987	2016-03-01 14:56:50	\N
1726	Bubbler & Tap	-27.471344	153.161126	1988	2016-03-01 14:56:50	\N
1727	Bubbler & 2 taps	-27.466362	153.101860	1989	2016-03-01 14:56:50	\N
1728	Drinking Fountain	-27.450273	153.090146	1990	2016-03-01 14:56:50	\N
1729	Bubbler & Tap	-27.451158	153.090259	1990	2016-03-01 14:56:50	\N
1730	Bubbler & Tap	-27.450264	153.091037	1990	2016-03-01 14:56:50	\N
1731	Bubbler & Tap	-27.462783	153.095116	1991	2016-03-01 14:56:50	\N
1732	Bubbler & Tap	-27.459189	153.095791	1992	2016-03-01 14:56:50	\N
1733	Bubbler & Tap	-27.463758	153.094540	1993	2016-03-01 14:56:50	\N
1734	Bubbler & Tap	-27.462641	153.092100	1994	2016-03-01 14:56:50	\N
1735	Bubbler	-27.458779	153.101549	1995	2016-03-01 14:56:50	\N
1736	Bubbler & Tap	-27.475408	153.124177	1996	2016-03-01 14:56:50	\N
1737	Bubbler & Tap	-27.476725	153.125191	1996	2016-03-01 14:56:50	\N
1738	Bubbler & 2 taps	-27.475524	153.125857	1996	2016-03-01 14:56:50	\N
1739	Bubbler 2 taps & dog bowl	-27.475398	153.126029	1996	2016-03-01 14:56:50	\N
1740	Bubbler & 2 taps	-27.482550	153.113283	1997	2016-03-01 14:56:50	\N
1741	Bubbler & 2 taps	-27.482504	153.114012	1997	2016-03-01 14:56:50	\N
1742	Bubbler & Tap	-27.482043	153.114537	1997	2016-03-01 14:56:50	\N
1743	Bubbler 2 taps & dog bowl	-27.482855	153.114923	1997	2016-03-01 14:56:50	\N
1744	Bubbler & 2 taps	-27.493096	153.121787	1998	2016-03-01 14:56:50	\N
1745	Bubbler & 2 taps	-27.492860	153.122891	1998	2016-03-01 14:56:50	\N
1746	Attached to clubroom	-27.466559	153.144753	1999	2016-03-01 14:56:50	\N
1747	Bubbler & Tap	-27.469670	153.148715	2000	2016-03-01 14:56:50	\N
1748	Bubbler & Tap	-27.469060	153.144939	2001	2016-03-01 14:56:50	\N
1749	Bubbler & Tap	-27.472111	153.144538	2002	2016-03-01 14:56:50	\N
1750	Bubbler & Tap	-27.470887	153.141632	2003	2016-03-01 14:56:50	\N
1751	bubbler	-27.470149	153.139363	2004	2016-03-01 14:56:50	\N
1752	Bubbler & 2 taps	-27.478074	153.149131	2005	2016-03-01 14:56:50	\N
1753	Bubbler & Tap	-27.484957	153.145628	2006	2016-03-01 14:56:50	\N
1754	Bubbler & 2 taps	-27.483043	153.146131	2006	2016-03-01 14:56:50	\N
1755	Bubbler & Tap	-27.483828	153.146224	2006	2016-03-01 14:56:50	\N
1756	Bubbler & 2 taps	-27.483060	153.146476	2006	2016-03-01 14:56:50	\N
1757	Bubbler & Tap	-27.486969	153.163336	2007	2016-03-01 14:56:50	\N
1758	Drinking Fountain	-27.476500	153.152226	2008	2016-03-01 14:56:50	\N
1759	Bubbler & Tap	-27.503882	153.073444	2009	2016-03-01 14:56:50	\N
1760	Bubbler & Tap	-27.504450	153.057559	2010	2016-03-01 14:56:50	\N
1761	Bubbler & Tap	-27.508770	153.066937	2011	2016-03-01 14:56:50	\N
1762	Bubbler & Tap	-27.508860	153.067555	2011	2016-03-01 14:56:50	\N
1763	Drinking Fountain & tap	-27.508083	153.067635	2011	2016-03-01 14:56:50	\N
1764	Bubbler & Tap	-27.496826	153.067233	2012	2016-03-01 14:56:50	\N
1765	Bubbler & Tap	-27.498759	153.041904	2013	2016-03-01 14:56:50	\N
1766	Bubbler & Tap	-27.500591	153.042735	2013	2016-03-01 14:56:50	\N
1767		-27.500880	153.042786	2013	2016-03-01 14:56:50	\N
1768		-27.500880	153.042806	2013	2016-03-01 14:56:50	\N
1769		-27.500898	153.043059	2013	2016-03-01 14:56:50	\N
1770	Bubbler 2 taps & dog bowl	-27.501430	153.043089	2013	2016-03-01 14:56:50	\N
1771	Bubbler & Tap	-27.505403	153.043273	2014	2016-03-01 14:56:50	\N
2470		-27.594438	152.964889	2384	2016-03-01 14:56:50	\N
1772	Bubbler & 2 taps	-27.507407	153.041452	2015	2016-03-01 14:56:50	\N
1773	Bubbler & 2 taps	-27.516150	153.057899	2016	2016-03-01 14:56:50	\N
1774	Bubbler & Tap	-27.515888	153.058162	2016	2016-03-01 14:56:50	\N
1775	Bubbler & Tap	-27.516294	153.058203	2016	2016-03-01 14:56:50	\N
1776	Bubbler & Tap	-27.515671	153.058901	2016	2016-03-01 14:56:50	\N
1777	bubbler	-27.515885	153.064764	2017	2016-03-01 14:56:50	\N
1778	Bubbler & Tap	-27.517212	153.064005	2017	2016-03-01 14:56:50	\N
1779	Drinking Fountain Apollo 400	-27.526445	153.069591	2018	2016-03-01 14:56:50	\N
1780	Bubbler & Tap	-27.526364	153.070218	2018	2016-03-01 14:56:50	\N
1781	Bubbler & Tap	-27.521362	153.070944	2018	2016-03-01 14:56:50	\N
1782	Bubbler & Tap	-27.527967	153.058037	2019	2016-03-01 14:56:50	\N
1783	Bubbler & Tap	-27.451473	153.058209	2020	2016-03-01 14:56:50	\N
1784	Bubbler & Tap	-27.443657	153.051628	2021	2016-03-01 14:56:50	\N
1785	Bubbler & 2 taps	-27.453642	153.053768	2022	2016-03-01 14:56:50	\N
1786	Bubbler & 2 taps	-27.454102	153.053788	2022	2016-03-01 14:56:50	\N
1787	Bubbler & 2 taps	-27.453777	153.054436	2022	2016-03-01 14:56:50	\N
1788	Bubbler & 2 taps	-27.454038	153.054719	2022	2016-03-01 14:56:50	\N
1789	Bubbler & 2 taps	-27.489684	153.084125	2023	2016-03-01 14:56:50	\N
1790	Bubbler & 2 taps	-27.489946	153.084479	2023	2016-03-01 14:56:50	\N
1791	Bubbler & Tap	-27.488302	153.086027	2024	2016-03-01 14:56:50	\N
1792		-27.486169	153.074040	2025	2016-03-01 14:56:50	\N
1793	Bubbler & Tap	-27.486169	153.074009	2025	2016-03-01 14:56:50	\N
1794	Bubbler & 2 taps	-27.467956	153.080546	2026	2016-03-01 14:56:50	\N
1795	Bubbler & 2 taps	-27.460268	153.053639	2027	2016-03-01 14:56:50	\N
1796	Bubbler & 2 taps	-27.463913	153.060321	2028	2016-03-01 14:56:50	\N
1797	Bubbler 2 taps & dog bowl	-27.464606	153.063752	2028	2016-03-01 14:56:50	\N
1798	Bubbler 2 taps & dog bowl Apollo 400	-27.464670	153.063833	2028	2016-03-01 14:56:50	\N
1799	Apollo 400 drinking fountain	-27.458309	153.053456	2029	2016-03-01 14:56:50	\N
1800	Drinking fountain & tap	-27.449628	153.082769	2030	2016-03-01 14:56:50	\N
1801	Bubbler,& Tap	-27.450269	153.083053	2030	2016-03-01 14:56:50	\N
1802	Bubbler & Tap	-27.467600	153.070596	2031	2016-03-01 14:56:50	\N
1803	Bubbler & Tap	-27.469199	153.070213	2032	2016-03-01 14:56:50	\N
1804	Bubbler 2 taps & dog bowl	-27.476738	153.067363	2033	2016-03-01 14:56:50	\N
1805	Bubbler & Tap	-27.472903	153.080711	2034	2016-03-01 14:56:50	\N
1806	Bubbler & Tap	-27.462938	153.078386	2035	2016-03-01 14:56:50	\N
1807	Spring Loaded	-27.460663	153.078415	2036	2016-03-01 14:56:50	\N
1808	Bubbler & Tap	-27.460753	153.077990	2036	2016-03-01 14:56:50	\N
1809	Bubbler & 2 taps	-27.473527	153.079183	2037	2016-03-01 14:56:50	\N
1810	Bubbler 2 taps & dog bowl	-27.473762	153.079548	2037	2016-03-01 14:56:50	\N
1811	Spring loaded	-27.477430	153.055055	2038	2016-03-01 14:56:50	\N
1812	Bubbler & Tap	-27.476914	153.057544	2039	2016-03-01 14:56:50	\N
1813	Bubbler, tap & dog bowl	-27.480092	153.057931	2040	2016-03-01 14:56:50	\N
1814	Bubbler & Tap (antivandal)	-27.480205	153.066545	2041	2016-03-01 14:56:50	\N
1815	Bubbler & Tap	-27.568530	153.091013	2042	2016-03-01 14:56:50	\N
1816	Bubbler, tap & dog bowl	-27.568232	153.091154	2042	2016-03-01 14:56:50	\N
1817	Bubbler	-27.568237	153.096524	2043	2016-03-01 14:56:50	\N
1818	Bubbler & Tap	-27.567630	153.099988	2044	2016-03-01 14:56:50	\N
1819	Bubbler & 2 taps	-27.572271	153.098614	2045	2016-03-01 14:56:50	\N
1820	Drinking fountain	-27.575112	153.102588	2046	2016-03-01 14:56:50	\N
1821		-27.525925	153.079069	2047	2016-03-01 14:56:50	\N
1822		-27.544582	153.111341	2048	2016-03-01 14:56:50	\N
1823	Bubbler 2 taps & dog bowl	-27.544320	153.111209	2048	2016-03-01 14:56:50	\N
1824	Bubbler & Tap	-27.543470	153.113153	2048	2016-03-01 14:56:50	\N
1825	Bubbler	-27.544110	153.114430	2049	2016-03-01 14:56:50	\N
1826	Bubbler	-27.540195	153.084710	2050	2016-03-01 14:56:50	\N
1827	Bubbler & Tap	-27.544733	153.089393	2051	2016-03-01 14:56:50	\N
1828	Bubbler & Tap	-27.555654	153.079202	2052	2016-03-01 14:56:50	\N
1829	Bubbler & Tap	-27.552942	153.111137	2053	2016-03-01 14:56:50	\N
1830	Bubbler & 2 taps	-27.560459	153.103314	2054	2016-03-01 14:56:50	\N
1831	Bubbler & 2 taps	-27.548599	153.099474	2055	2016-03-01 14:56:50	\N
1832	Bubbler & Tap	-27.549231	153.099900	2055	2016-03-01 14:56:50	\N
1833	Bubbler & 2 taps	-27.556801	153.094042	2056	2016-03-01 14:56:50	\N
1834		-27.466565	153.192121	2057	2016-03-01 14:56:50	\N
1835		-27.466953	153.192212	2057	2016-03-01 14:56:50	\N
1836		-27.465328	153.192412	2057	2016-03-01 14:56:50	\N
1837	Bubbler & Tap	-27.465851	153.192524	2057	2016-03-01 14:56:50	\N
1838	Bubbler & 2 taps	-27.467557	153.193013	2057	2016-03-01 14:56:50	\N
1839	Bubbler & Tap	-27.469034	153.189220	2058	2016-03-01 14:56:50	\N
1840	Bubbler & 2 taps	-27.470142	153.177147	2059	2016-03-01 14:56:50	\N
1841	Bubbler & Tap	-27.468243	153.193166	2060	2016-03-01 14:56:50	\N
1842	Bubbler & Tap	-27.474066	153.192802	2061	2016-03-01 14:56:50	\N
1843	Bubbler	-27.452127	153.187349	2062	2016-03-01 14:56:50	\N
1844	Wheel chair accessible with dog tap & bowl	-27.451225	153.186558	2062	2016-03-01 14:56:50	\N
1845	Bubbler & Tap	-27.451225	153.186558	2062	2016-03-01 14:56:50	\N
1846	Bubbler & Tap	-27.452263	153.186621	2062	2016-03-01 14:56:50	\N
1847	Bubbler, tap & dog bowl	-27.452263	153.186621	2062	2016-03-01 14:56:50	\N
1848	Bubbler & Tap	-27.453238	153.186663	2062	2016-03-01 14:56:50	\N
1849	Wheel chair accessible with dog tap & bowl	-27.453238	153.186663	2062	2016-03-01 14:56:50	\N
1850	Bubbler & Tap	-27.452777	153.187330	2062	2016-03-01 14:56:50	\N
1851	Wheel chair accessible with dog tap & bowl	-27.452777	153.187330	2062	2016-03-01 14:56:50	\N
1852	Path bubbler	-27.446137	153.183494	2063	2016-03-01 14:56:50	\N
1853	Bubbler	-27.446786	153.184588	2063	2016-03-01 14:56:50	\N
1854	Bubbler & Tap	-27.454285	153.186614	2064	2016-03-01 14:56:50	\N
1855	Bubbler & 2 taps	-27.453626	153.186977	2064	2016-03-01 14:56:50	\N
1856	Bubbler & Tap	-27.448281	153.187181	2065	2016-03-01 14:56:50	\N
1857	Bubbler & 2 taps	-27.447720	153.187909	2065	2016-03-01 14:56:50	\N
1858	Bubbler	-27.461285	153.191029	2066	2016-03-01 14:56:50	\N
1859	Bubbler, tap & dog bowl	-27.461106	153.168641	2067	2016-03-01 14:56:50	\N
1860	Bubbler & Tap	-27.461973	153.161366	2068	2016-03-01 14:56:50	\N
1861	Bubbler & Tap	-27.465834	153.156078	2069	2016-03-01 14:56:50	\N
1862	Bubbler & 2 taps	-27.435732	153.173338	2070	2016-03-01 14:56:50	\N
1863	Bubbler	-27.444082	153.166743	2071	2016-03-01 14:56:50	\N
1864	Bubbler 2 taps & dog bowl	-27.426512	153.167547	2072	2016-03-01 14:56:50	\N
1865	Bubbler 2 taps & dog bowl	-27.427379	153.167983	2072	2016-03-01 14:56:50	\N
1866	Bubbler & 2 taps	-27.451770	153.169619	2073	2016-03-01 14:56:50	\N
1867	Bubbler & Tap	-27.453543	153.174287	2074	2016-03-01 14:56:50	\N
1868	Bubbler & Tap	-27.453462	153.174337	2074	2016-03-01 14:56:50	\N
1869	Drinking Fountain	-27.441777	153.176070	2075	2016-03-01 14:56:50	\N
1870	Bubbler & Tap	-27.441525	153.175745	2075	2016-03-01 14:56:50	\N
1871	Bubbler & Tap	-27.441516	153.175796	2075	2016-03-01 14:56:50	\N
1872	Drinking fountain and dog tap	-27.442282	153.176445	2075	2016-03-01 14:56:50	\N
1873	drinking fountain and dog tap	-27.442813	153.177791	2075	2016-03-01 14:56:50	\N
1874	Bubbler & 2 taps	-27.444742	153.180041	2075	2016-03-01 14:56:50	\N
1875	Wheel chair accessible fountain with dog tap & bowl	-27.436264	153.174179	2076	2016-03-01 14:56:50	\N
1876	Bubbler & Tap	-27.441204	153.157409	2077	2016-03-01 14:56:50	\N
1877	Drinking Fountain	-27.457267	153.147099	2078	2016-03-01 14:56:50	\N
1878	Bubbler & Tap	-27.457376	153.146573	2078	2016-03-01 14:56:50	\N
1879	Bubbler & Tap	-27.460814	153.147782	2078	2016-03-01 14:56:50	\N
1880	Bubbler & Tap	-27.451753	153.145058	2079	2016-03-01 14:56:50	\N
1881	Bubbler & Tap	-27.451879	153.145291	2079	2016-03-01 14:56:50	\N
1882	Spring loaded	-27.461406	153.151103	2080	2016-03-01 14:56:50	\N
1883	1 fountain 2 taps	-27.326843	153.008703	2081	2016-03-01 14:56:50	\N
1884	2 taps 1 fountain	-27.326283	153.009148	2081	2016-03-01 14:56:50	\N
1885	Bubbler, tap & dog bowl	-27.304517	153.007206	2082	2016-03-01 14:56:50	\N
1886	Bubbler & Tap	-27.306169	153.007459	2082	2016-03-01 14:56:50	\N
1887	Bubbler, tap & dog bowl	-27.304805	153.008368	2082	2016-03-01 14:56:50	\N
1888	Bubbler, tap & dog bowl	-27.303812	153.008550	2082	2016-03-01 14:56:50	\N
1889	Bubbler & Tap	-27.306105	153.008843	2082	2016-03-01 14:56:50	\N
1890	Bubbler & Tap	-27.313671	153.008874	2083	2016-03-01 14:56:50	\N
1891	Knee height bubbler	-27.316533	153.013201	2084	2016-03-01 14:56:50	\N
1892	Bubbler, tap & dog bowl	-27.307133	153.019718	2085	2016-03-01 14:56:50	\N
1893	Bubbler, Tap and Dog Bowl - small dogs	-27.306836	153.020011	2085	2016-03-01 14:56:50	\N
1894	Knee height bubbler	-27.307477	153.015473	2086	2016-03-01 14:56:50	\N
1895	Bubbler & Tap	-27.306690	153.025226	2087	2016-03-01 14:56:50	\N
1896	900mm trough with two bubblers	-27.321953	153.042181	2088	2016-03-01 14:56:50	\N
1897	Bubbler & Tap	-27.321330	153.041625	2088	2016-03-01 14:56:50	\N
1898	Bubbler & Tap	-27.322251	153.041666	2088	2016-03-01 14:56:50	\N
1899	Bubbler & Tap	-27.322133	153.042120	2088	2016-03-01 14:56:50	\N
1900	Bubbler & Tap	-27.322368	153.042252	2088	2016-03-01 14:56:50	\N
1901	Bubbler & Tap	-27.322494	153.042373	2088	2016-03-01 14:56:50	\N
1902	Bubbler & Tap	-27.322855	153.042636	2088	2016-03-01 14:56:50	\N
1903	Bubbler	-27.317946	153.036539	2089	2016-03-01 14:56:50	\N
1904	Drinking Fountain	-27.318027	153.036984	2089	2016-03-01 14:56:50	\N
1905	Bubbler	-27.326911	153.035845	2090	2016-03-01 14:56:50	\N
1906	Bubbler & Tap	-27.319060	153.020903	2091	2016-03-01 14:56:50	\N
1907	Bubbler & Tap	-27.319159	153.021206	2091	2016-03-01 14:56:50	\N
1908	Bowl style	-27.330459	153.036382	2092	2016-03-01 14:56:50	\N
1909	Bubbler & Tap	-27.330867	153.029012	2093	2016-03-01 14:56:50	\N
1910	Bubbler & 2 taps	-27.320105	153.031395	2094	2016-03-01 14:56:50	\N
1911	Bubbler, tap & dog bowl	-27.321251	153.031547	2094	2016-03-01 14:56:50	\N
1912	Bubbler 2 taps & dog bowl	-27.321486	153.032396	2094	2016-03-01 14:56:50	\N
1913	Drinking Fountain	-27.333633	153.005176	2095	2016-03-01 14:56:50	\N
1914	Bubbler & 2 taps	-27.355841	153.015359	2096	2016-03-01 14:56:50	\N
1915	Bubbler & Tap	-27.359164	153.008352	2097	2016-03-01 14:56:50	\N
1916	Bubbler & Tap	-27.346660	153.008422	2098	2016-03-01 14:56:50	\N
1917	Bubbler & Tap	-27.346270	153.025296	2099	2016-03-01 14:56:50	\N
1918	Bubbler & Tap	-27.357187	153.009333	2100	2016-03-01 14:56:50	\N
1919	Drinking Fountain	-27.350685	153.020312	2101	2016-03-01 14:56:50	\N
1920	Bubbler & Tap	-27.345079	153.020655	2102	2016-03-01 14:56:50	\N
1921	Bubbler & Tap	-27.348212	153.013983	2103	2016-03-01 14:56:50	\N
1922	Bubbler, tap & dog bowl	-27.340855	153.009170	2104	2016-03-01 14:56:50	\N
1923	Bubbler & 2 taps	-27.341378	153.009443	2104	2016-03-01 14:56:50	\N
1924	Diabled access Bubbler Apollo 800	-27.339238	153.019825	2105	2016-03-01 14:56:50	\N
1925	Bubbler with dog bowl	-27.339433	153.034808	2106	2016-03-01 14:56:50	\N
1926	Diabled access Bubbler	-27.339596	153.035070	2106	2016-03-01 14:56:50	\N
1927	Drinking Fountain	-27.339550	153.035819	2106	2016-03-01 14:56:50	\N
1928	Bubbler & Tap	-27.363466	153.036736	2107	2016-03-01 14:56:50	\N
1929	Bubbler, tap & dog bowl	-27.338054	153.056047	2108	2016-03-01 14:56:50	\N
1930	Bubbler, tap & dog bowl	-27.338153	153.056452	2108	2016-03-01 14:56:50	\N
1931	Bubbler	-27.351412	153.065113	2109	2016-03-01 14:56:50	\N
1932	Bubbler & 2 taps	-27.352892	153.065215	2109	2016-03-01 14:56:50	\N
1933	Bubbler	-27.361075	153.058850	2110	2016-03-01 14:56:50	\N
1934	Bubbler & 2 taps	-27.344221	153.055039	2111	2016-03-01 14:56:50	\N
1935		-27.351453	153.053172	2112	2016-03-01 14:56:50	\N
1936	Bubbler & 2 taps	-27.351877	153.053122	2112	2016-03-01 14:56:50	\N
1937	Bubbler & 2 taps	-27.352148	153.053759	2112	2016-03-01 14:56:50	\N
1938	Bubbler & 2 taps	-27.351796	153.053870	2112	2016-03-01 14:56:50	\N
1939	Bubbler & 2 taps	-27.351353	153.053910	2112	2016-03-01 14:56:50	\N
1940	Bubbler & 2 taps	-27.357682	153.073206	2113	2016-03-01 14:56:50	\N
1941	Bubbler & 2 taps	-27.357520	153.073246	2113	2016-03-01 14:56:50	\N
1942	Bubbler, tap & dog bowl	-27.356906	153.073397	2113	2016-03-01 14:56:50	\N
1943	Bubbler 2 taps & dog bowl	-27.357294	153.073843	2113	2016-03-01 14:56:50	\N
1944	Bubbler & 2 taps	-27.282736	153.060950	2114	2016-03-01 14:56:50	\N
1945	Bubbler, tap & dog bowl	-27.286374	153.063206	2115	2016-03-01 14:56:50	\N
1946	Bubbler & 2 taps	-27.286283	153.064398	2115	2016-03-01 14:56:50	\N
1947	Bubbler & 2 taps	-27.285064	153.064549	2115	2016-03-01 14:56:50	\N
1948	Bubbler & Tap	-27.285326	153.064630	2115	2016-03-01 14:56:50	\N
1949	Drinking Fountain	-27.307102	153.064622	2116	2016-03-01 14:56:50	\N
1950	Bubbler & Tap	-27.309598	153.054497	2117	2016-03-01 14:56:50	\N
1951	Bubbler & Tap	-27.310184	153.055659	2117	2016-03-01 14:56:50	\N
1952	Bubbler & Tap	-27.321972	153.062367	2118	2016-03-01 14:56:50	\N
1953	Bubbler & Tap	-27.320708	153.063235	2118	2016-03-01 14:56:50	\N
1954	Bubbler & Tap	-27.325140	153.066129	2119	2016-03-01 14:56:50	\N
1955		-27.312111	153.068668	2120	2016-03-01 14:56:50	\N
1956	Drinking fountain with bowl and drain	-27.320332	153.074930	2120	2016-03-01 14:56:50	\N
1957	Drinking fountain with bowl and drain	-27.323225	153.084070	2120	2016-03-01 14:56:50	\N
1958	Drinking Fountain	-27.323766	153.084636	2120	2016-03-01 14:56:50	\N
1959	Drinking Fountain	-27.329724	153.086298	2120	2016-03-01 14:56:50	\N
1960	Drinking Fountain	-27.329118	153.087177	2120	2016-03-01 14:56:50	\N
1961	Bubbler & Tap	-27.292910	153.064675	2120	2016-03-01 14:56:50	\N
1962	Bubbler & 2 taps	-27.304230	153.065742	2120	2016-03-01 14:56:50	\N
1963	Bubbler & Tap	-27.311578	153.068344	2120	2016-03-01 14:56:50	\N
1964	Bubbler & Tap	-27.312111	153.068668	2120	2016-03-01 14:56:50	\N
1965	Bubbler & Tap	-27.311876	153.068678	2120	2016-03-01 14:56:50	\N
1966	Bubbler & Tap	-27.312977	153.068881	2120	2016-03-01 14:56:50	\N
1967	Flipper\\"\\" special for poroject - basin & dog bowl	-27.312851	153.069083	2120	2016-03-01 14:56:50	\N
1968	Bubbler & Tap	-27.311722	153.069345	2120	2016-03-01 14:56:50	\N
1969	Bubbler & Tap	-27.313374	153.069356	2120	2016-03-01 14:56:50	\N
1970	Flipper\\"\\" special for poroject - basin & dog bowl	-27.314096	153.069468	2120	2016-03-01 14:56:50	\N
1971	Bubbler & Tap	-27.313203	153.069528	2120	2016-03-01 14:56:50	\N
1972	Flipper\\"\\" special for poroject - basin & dog bowl	-27.315811	153.070722	2120	2016-03-01 14:56:50	\N
1973	Bubbler, tap & dog bowl	-27.315811	153.070722	2120	2016-03-01 14:56:50	\N
1974	Flipper\\"\\" special for poroject - basin & dog bowl	-27.315811	153.070722	2120	2016-03-01 14:56:50	\N
1975	Flipper\\"\\" special for poroject - basin & dog bowl	-27.316768	153.071673	2120	2016-03-01 14:56:50	\N
1976	Flipper\\"\\" special for poroject - basin & dog bowl	-27.317129	153.072047	2120	2016-03-01 14:56:50	\N
1977	Bubbler & Tap	-27.318022	153.072695	2120	2016-03-01 14:56:50	\N
1978	Flipper\\"\\" special for poroject - basin & dog bowl	-27.318022	153.072695	2120	2016-03-01 14:56:50	\N
1979	Flipper\\"\\" special for poroject - basin & dog bowl	-27.318031	153.072775	2120	2016-03-01 14:56:50	\N
1980	Flipper\\"\\" special for poroject - basin & dog bowl	-27.320485	153.075092	2120	2016-03-01 14:56:50	\N
1981	Flipper\\"\\" special for poroject - basin & dog bowl	-27.321973	153.078479	2120	2016-03-01 14:56:50	\N
1982	Flipper\\"\\" special for poroject - basin & dog bowl	-27.322144	153.080622	2120	2016-03-01 14:56:50	\N
1983	Flipper\\"\\" special for poroject - basin & dog bowl	-27.322144	153.080622	2120	2016-03-01 14:56:50	\N
1984	Flipper\\"\\" special for poroject - basin & dog bowl	-27.321999	153.081501	2120	2016-03-01 14:56:50	\N
1985	Bubbler & 2 taps	-27.329453	153.087026	2120	2016-03-01 14:56:50	\N
1986	Flipper\\"\\" special for poroject - basin & dog bowl	-27.329118	153.087177	2120	2016-03-01 14:56:50	\N
1987	Bubbler & Tap	-27.314199	153.062585	2121	2016-03-01 14:56:50	\N
1988	Bubbler, tap & dog bowl	-27.319200	153.063346	2121	2016-03-01 14:56:50	\N
1989	Bubbler & 2 Taps	-27.314361	153.064485	2121	2016-03-01 14:56:50	\N
1990	Drinking Fountain	-27.320597	153.069664	2122	2016-03-01 14:56:50	\N
1991	Diabled access Bubbler Apollo 800	-27.319405	153.068582	2123	2016-03-01 14:56:50	\N
1992	Diabled access Bubbler Apollo 800	-27.319866	153.068612	2123	2016-03-01 14:56:50	\N
1993	Bubbler & tap	-27.319857	153.067854	2123	2016-03-01 14:56:50	\N
1994	Bubbler & Tap	-27.325354	153.071527	2124	2016-03-01 14:56:50	\N
1995	Bubbler & Tap	-27.323963	153.072183	2124	2016-03-01 14:56:50	\N
1996	Bubbler & 2 taps	-27.326228	153.073226	2124	2016-03-01 14:56:50	\N
1997	Bubbler & 2 taps	-27.325813	153.073336	2124	2016-03-01 14:56:50	\N
1998	Bubbler & 2 taps	-27.324170	153.073649	2124	2016-03-01 14:56:50	\N
1999	Bubbler & 2 taps	-27.323890	153.073719	2124	2016-03-01 14:56:50	\N
2000	Bubbler & 2 taps	-27.324525	153.084596	2125	2016-03-01 14:56:50	\N
2001	Bubbler & Tap	-27.325247	153.085072	2125	2016-03-01 14:56:50	\N
2002	Bubbler 2 taps & dog bowl	-27.324885	153.085142	2125	2016-03-01 14:56:50	\N
2003	Bubbler 2 taps & dog bowl	-27.324813	153.085850	2125	2016-03-01 14:56:50	\N
2004		-27.346480	153.049925	2126	2016-03-01 14:56:50	\N
2005	Drinking Fountain	-27.341119	153.043947	2127	2016-03-01 14:56:50	\N
2006	Bubbler & 2 taps	-27.353218	153.038775	2128	2016-03-01 14:56:50	\N
2007	Bubbler & Tap	-27.356467	153.043144	2129	2016-03-01 14:56:50	\N
2008	Bubbler & 2 taps	-27.355916	153.043266	2129	2016-03-01 14:56:50	\N
2009	Bubbler & 2 taps	-27.352854	153.048289	2130	2016-03-01 14:56:50	\N
2010	Bubbler & 2 taps	-27.444089	153.024225	2131	2016-03-01 14:56:50	\N
2011	Bubbler & 2 taps	-27.360756	153.041114	2131	2016-03-01 14:56:50	\N
2012	Bubbler & 2 taps	-27.363780	153.042126	2131	2016-03-01 14:56:50	\N
2013	Bubbler & Tap	-27.361496	153.043672	2131	2016-03-01 14:56:50	\N
2014	Bubbler & Tap	-27.357927	153.050799	2132	2016-03-01 14:56:50	\N
2015		-27.350276	153.035711	2133	2016-03-01 14:56:50	\N
2016		-27.435642	153.048406	2134	2016-03-01 14:56:50	\N
2017	Bubbler & 2 taps	-27.435669	153.048599	2134	2016-03-01 14:56:50	\N
2018	Bubbler & Tap	-27.438199	153.042255	2135	2016-03-01 14:56:50	\N
2019	Bubbler & Tap	-27.438659	153.042397	2135	2016-03-01 14:56:50	\N
2020	Bubbler & 2 taps	-27.429957	153.063024	2136	2016-03-01 14:56:50	\N
2021	Drinking Fountain	-27.429535	153.057500	2137	2016-03-01 14:56:50	\N
2022	Bubbler & 2 taps	-27.429959	153.057874	2137	2016-03-01 14:56:50	\N
2023	Bubbler & 2 taps	-27.428966	153.057874	2137	2016-03-01 14:56:50	\N
2024	Bubbler & 2 taps	-27.433771	153.053505	2138	2016-03-01 14:56:50	\N
2025	Bubbler & 2 taps	-27.444320	153.041499	2139	2016-03-01 14:56:50	\N
2026		-27.405984	153.051357	2140	2016-03-01 14:56:50	\N
2027		-27.407672	153.051813	2140	2016-03-01 14:56:50	\N
2028	Bubbler & Tap	-27.407230	153.050104	2140	2016-03-01 14:56:50	\N
2029	Bubbler 2 taps & dog bowl	-27.406173	153.050781	2140	2016-03-01 14:56:50	\N
2030	Bubbler & 2 taps	-27.405929	153.051681	2140	2016-03-01 14:56:50	\N
2031	Bubbler 2 taps & dog bowl	-27.407473	153.052076	2140	2016-03-01 14:56:50	\N
2032	Bubbler & 2 taps	-27.407852	153.052319	2140	2016-03-01 14:56:50	\N
2033	Bubbler & 2 taps	-27.407220	153.052896	2140	2016-03-01 14:56:50	\N
2034	Bubbler & 2 taps	-27.408312	153.054393	2140	2016-03-01 14:56:50	\N
2035	Bubbler & Tap	-27.409684	153.054687	2140	2016-03-01 14:56:50	\N
2036	Bubbler, tap & dog bowl	-27.410587	153.054718	2140	2016-03-01 14:56:50	\N
2037	Bubbler & 2 taps	-27.409043	153.055355	2140	2016-03-01 14:56:50	\N
2038	Bubbler & Tap	-27.439391	153.065195	2141	2016-03-01 14:56:50	\N
2039	Bubbler & 2 taps	-27.440625	153.048925	2142	2016-03-01 14:56:50	\N
2040	Bubbler & 2 taps	-27.440417	153.049147	2142	2016-03-01 14:56:50	\N
2041	Bubbler 2 tap	-27.440056	153.050665	2142	2016-03-01 14:56:50	\N
2042	Bubbler & Tap	-27.438838	153.069252	2143	2016-03-01 14:56:50	\N
2043	Bubbler & dog bowl	-27.438341	153.069272	2143	2016-03-01 14:56:50	\N
2044	Bubbler & 2 taps	-27.439235	153.069445	2143	2016-03-01 14:56:50	\N
2045		-27.418967	153.068977	2144	2016-03-01 14:56:50	\N
2046	Bubbler & 2 taps	-27.419067	153.068967	2144	2016-03-01 14:56:50	\N
2047	Bubbler & 2 taps	-27.419139	153.069240	2144	2016-03-01 14:56:50	\N
2048	Drinking Fountain	-27.442621	153.045515	2145	2016-03-01 14:56:50	\N
2049	Drinking Fountain	-27.443046	153.046022	2145	2016-03-01 14:56:50	\N
2050	Drinking Fountain	-27.443181	153.046082	2145	2016-03-01 14:56:50	\N
2051	Special type fountain	-27.442242	153.046284	2145	2016-03-01 14:56:50	\N
2052	Bubbler & Tap	-27.423520	153.118959	2146	2016-03-01 14:56:50	\N
2053	Bubbler & 2 taps	-27.420233	153.119927	2147	2016-03-01 14:56:50	\N
2054	Bubbler & 2 taps	-27.439600	153.033948	2148	2016-03-01 14:56:50	\N
2055	Bubbler, tap & dog bowl	-27.441153	153.033048	2149	2016-03-01 14:56:50	\N
2056	Bubbler & Tap	-27.430960	153.036172	2150	2016-03-01 14:56:50	\N
2057	Bubbler & Tap	-27.432260	153.036820	2150	2016-03-01 14:56:50	\N
2058	Bubbler & Tap	-27.432052	153.038327	2150	2016-03-01 14:56:50	\N
2059		-27.426880	153.032356	2151	2016-03-01 14:56:50	\N
2060	1 fountain 1 tap	-27.413407	153.044542	2152	2016-03-01 14:56:50	\N
2061	Bubbler & Tap	-27.413055	153.044603	2152	2016-03-01 14:56:50	\N
2062	Diabled access Bubbler Apollo 800	-27.417242	153.000820	2153	2016-03-01 14:56:50	\N
2063	Bubbler	-27.373327	153.025302	2154	2016-03-01 14:56:50	\N
2064	Bubbler	-27.373372	153.027871	2154	2016-03-01 14:56:50	\N
2065	Spring loaaded	-27.378012	153.028994	2154	2016-03-01 14:56:50	\N
2066	Bubbler & Tap	-27.376324	153.028498	2154	2016-03-01 14:56:50	\N
2067	Bubbler & Tap	-27.377876	153.029702	2154	2016-03-01 14:56:50	\N
2068	Bubbler & 2 taps	-27.377958	153.029824	2154	2016-03-01 14:56:50	\N
2069	Bubbler & Tap	-27.376955	153.029945	2154	2016-03-01 14:56:50	\N
2070	Bubbler, tap & dog bowl	-27.377217	153.030157	2154	2016-03-01 14:56:50	\N
2071	Bubbler & Tap	-27.375285	153.030197	2154	2016-03-01 14:56:50	\N
2072	Bubbler & Tap	-27.373868	153.030470	2154	2016-03-01 14:56:50	\N
2073	Bubbler & 2 taps	-27.375764	153.030774	2154	2016-03-01 14:56:50	\N
2074	Bubbler & Tap	-27.376558	153.031623	2154	2016-03-01 14:56:50	\N
2075	Bubbler & Tap	-27.374066	153.031865	2154	2016-03-01 14:56:50	\N
2076	Bubbler & Tap	-27.375230	153.032877	2154	2016-03-01 14:56:50	\N
2077	Bubbler & Tap	-27.374318	153.033281	2154	2016-03-01 14:56:50	\N
2078	Bubbler & Tap	-27.375645	153.034070	2154	2016-03-01 14:56:50	\N
2079	Bubbler & Tap	-27.369299	153.032269	2155	2016-03-01 14:56:50	\N
2080	Bubbler	-27.378065	153.033667	2156	2016-03-01 14:56:50	\N
2081	Drinking Fountain	-27.376467	153.034657	2156	2016-03-01 14:56:50	\N
2082	Diabled access Bubbler Apollo 800	-27.378215	153.045226	2156	2016-03-01 14:56:50	\N
2083	Bubbler & Tap	-27.378191	153.033555	2156	2016-03-01 14:56:50	\N
2084	Bubbler, tap & dog bowl	-27.378065	153.033677	2156	2016-03-01 14:56:50	\N
2085	Bubbler & Tap	-27.378137	153.033818	2156	2016-03-01 14:56:50	\N
2086	Bubbler & Tap	-27.376196	153.034758	2156	2016-03-01 14:56:50	\N
2087	Bubbler & 2 taps	-27.378352	153.039401	2156	2016-03-01 14:56:50	\N
2088	Bubbler & 2 taps	-27.378515	153.040716	2156	2016-03-01 14:56:50	\N
2089	Bubbler & Tap	-27.382739	153.042831	2156	2016-03-01 14:56:50	\N
2090	Bubbler & 2 taps	-27.380717	153.042911	2156	2016-03-01 14:56:50	\N
2091	Bubbler & 2 taps	-27.381502	153.042952	2156	2016-03-01 14:56:50	\N
2092	Bubbler & Tap	-27.378739	153.045590	2156	2016-03-01 14:56:50	\N
2093	Bubbler & Tap	-27.388169	153.027682	2157	2016-03-01 14:56:50	\N
2094	Bubbler & Tap	-27.388250	153.028239	2157	2016-03-01 14:56:50	\N
2095	Bubbler & Tap	-27.390344	153.030697	2158	2016-03-01 14:56:50	\N
2096	small drink fountain for kids	-27.387602	153.017305	2159	2016-03-01 14:56:50	\N
2097	small drink fountain for kids	-27.387818	153.018509	2159	2016-03-01 14:56:50	\N
2098	Bubbler & 2 taps	-27.388388	153.014089	2159	2016-03-01 14:56:50	\N
2099	Bubbler & 2 taps	-27.388035	153.014180	2159	2016-03-01 14:56:50	\N
2100	Bubbler & Tap	-27.388234	153.014686	2159	2016-03-01 14:56:50	\N
2101	Bubbler, tap & dog bowl	-27.388730	153.014817	2159	2016-03-01 14:56:50	\N
2102	Bubbler & 2 taps	-27.388803	153.015414	2159	2016-03-01 14:56:50	\N
2103	Bubbler, tap & dog bowl	-27.388207	153.015717	2159	2016-03-01 14:56:50	\N
2104	Bubbler & 2 taps	-27.388071	153.016567	2159	2016-03-01 14:56:50	\N
2105	Bubbler & 2 taps	-27.388432	153.016739	2159	2016-03-01 14:56:50	\N
2106	Bubbler 2 tap	-27.388170	153.017609	2159	2016-03-01 14:56:50	\N
2107	Bubbler, tap & dog bowl	-27.386988	153.017983	2159	2016-03-01 14:56:50	\N
2108	Bubbler & Tap	-27.387024	153.018630	2159	2016-03-01 14:56:50	\N
2109	Bubbler & 2 taps	-27.379025	153.018548	2160	2016-03-01 14:56:50	\N
2110	Bubbler & Tap	-27.374178	153.049755	2161	2016-03-01 14:56:50	\N
2111	Bubbler 2 taps & dog bowl	-27.421717	153.027417	2162	2016-03-01 14:56:50	\N
2112	Bubbler 2 taps & dog bowl	-27.421491	153.028500	2162	2016-03-01 14:56:50	\N
2113	Bubbler & 2 taps	-27.421853	153.025171	2163	2016-03-01 14:56:50	\N
2114	UNIQUE DRINKING FOUNTAIN	-27.424201	153.018393	2164	2016-03-01 14:56:50	\N
2115	Bubbler	-27.421782	153.019556	2164	2016-03-01 14:56:50	\N
2116	Bubbler & Tap	-27.424680	153.017544	2164	2016-03-01 14:56:50	\N
2117	Bubbler & Tap	-27.424210	153.018667	2164	2016-03-01 14:56:50	\N
2118	Bubbler & Tap	-27.416556	153.008609	2165	2016-03-01 14:56:50	\N
2119	bubbler 2 tap dog bowl	-27.414578	153.009287	2165	2016-03-01 14:56:50	\N
2120	bubbler 2 taps dog bowl	-27.415156	153.009479	2165	2016-03-01 14:56:50	\N
2121	Bubbler & Tap	-27.419869	153.012646	2165	2016-03-01 14:56:50	\N
2122	Bubbler & 2 taps	-27.419724	153.017604	2166	2016-03-01 14:56:50	\N
2123	Bubbler & 2 taps	-27.418748	153.017836	2166	2016-03-01 14:56:50	\N
2124	Bubbler & 2 taps	-27.419490	153.009227	2167	2016-03-01 14:56:50	\N
2125	Bubbler & 2 taps	-27.420185	153.009854	2167	2016-03-01 14:56:50	\N
2126	Drinking Fountain	-27.395084	153.027512	2168	2016-03-01 14:56:50	\N
2127	Bubbler	-27.393459	153.027613	2168	2016-03-01 14:56:50	\N
2128	Bubbler	-27.393631	153.028422	2168	2016-03-01 14:56:50	\N
2129	Bubbler	-27.393441	153.028715	2168	2016-03-01 14:56:50	\N
2130	Bubbler	-27.393658	153.028756	2168	2016-03-01 14:56:50	\N
2131	Bubbler	-27.393928	153.029100	2168	2016-03-01 14:56:50	\N
2132	Bubbler	-27.393531	153.029170	2168	2016-03-01 14:56:50	\N
2133	Bubbler & 2 taps	-27.398768	153.026936	2168	2016-03-01 14:56:50	\N
2134	Bubbler & Tap	-27.396908	153.027371	2168	2016-03-01 14:56:50	\N
2135	Bubbler & Tap	-27.394750	153.027562	2168	2016-03-01 14:56:50	\N
2136	Bubbler & Tap	-27.394416	153.027623	2168	2016-03-01 14:56:50	\N
2137	Bubbler & Tap	-27.393847	153.027633	2168	2016-03-01 14:56:50	\N
2138	Bubbler & Tap	-27.397477	153.027695	2168	2016-03-01 14:56:50	\N
2139	Bubbler & Tap	-27.393215	153.027946	2168	2016-03-01 14:56:50	\N
2140	Drinking fountain & tap	-27.395175	153.027967	2168	2016-03-01 14:56:50	\N
2141	Bubbler & Tap	-27.424001	153.030140	2169	2016-03-01 14:56:50	\N
2142	Drinking Fountain	-27.419712	153.032283	2170	2016-03-01 14:56:50	\N
2143	Bubbler	-27.409467	153.021719	2171	2016-03-01 14:56:50	\N
2144	Bubbler & Tap	-27.416310	153.021589	2172	2016-03-01 14:56:50	\N
2145	Bubbler & 2 taps	-27.411635	153.014820	2173	2016-03-01 14:56:50	\N
2146	Bubbler & Tap	-27.406985	153.017359	2174	2016-03-01 14:56:50	\N
2147	Bubbler & Tap	-27.403590	153.020828	2175	2016-03-01 14:56:50	\N
2148	Bubbler & Tap	-27.395980	153.012107	2176	2016-03-01 14:56:50	\N
2149		-27.394598	153.019056	2177	2016-03-01 14:56:50	\N
2150		-27.394562	153.019471	2177	2016-03-01 14:56:50	\N
2151	Bubbler & Tap	-27.394553	153.019572	2177	2016-03-01 14:56:50	\N
2152	Bubbler & Tap	-27.370232	153.009091	2178	2016-03-01 14:56:50	\N
2153	Bubbler & Tap	-27.372995	153.012449	2179	2016-03-01 14:56:50	\N
2154	Bubbler & Tap	-27.365980	153.005450	2180	2016-03-01 14:56:50	\N
2155	Bubbler	-27.365547	153.011265	2181	2016-03-01 14:56:50	\N
2156	2 bubbler set	-27.359399	153.006663	2182	2016-03-01 14:56:50	\N
2157	Bubbler & Tap	-27.348854	153.001941	2183	2016-03-01 14:56:50	\N
2158	Bubbler	-27.361123	152.985824	2184	2016-03-01 14:56:50	\N
2159	Bubbler & 2 taps	-27.360888	152.984903	2184	2016-03-01 14:56:50	\N
2160	Bubbler & Tap	-27.361086	152.985369	2184	2016-03-01 14:56:50	\N
2161	Bubbler & Tap	-27.363209	152.999201	2185	2016-03-01 14:56:50	\N
2162	Bubbler & Tap	-27.371740	152.994711	2186	2016-03-01 14:56:50	\N
2163	Bubbler & Tap	-27.371740	152.994711	2186	2016-03-01 14:56:50	\N
2164	Bubbler & 2 taps	-27.368869	152.986005	2187	2016-03-01 14:56:50	\N
2165	Bubbler, tap & dog bowl	-27.366558	152.998048	2188	2016-03-01 14:56:50	\N
2166	Bubbler, tap & dog bowl	-27.358243	152.990000	2189	2016-03-01 14:56:50	\N
2167	bubbler tap	-27.386636	153.009183	2190	2016-03-01 14:56:50	\N
2168		-27.389146	153.005047	2191	2016-03-01 14:56:50	\N
2169	Bubbler	-27.379035	153.008404	2192	2016-03-01 14:56:50	\N
2170		-27.378764	153.012884	2192	2016-03-01 14:56:50	\N
2171	Bubbler 2 taps & dog bowl	-27.378484	153.012429	2192	2016-03-01 14:56:50	\N
2172	Bubbler 2 taps & dog bowl	-27.378285	153.012540	2192	2016-03-01 14:56:50	\N
2173	Bubbler 2 taps & dog bowl	-27.378890	153.012844	2192	2016-03-01 14:56:50	\N
2174	Bubbler & Tap	-27.379161	153.001911	2193	2016-03-01 14:56:50	\N
2175	Bubbler & 2 taps	-27.377563	153.003145	2193	2016-03-01 14:56:50	\N
2176	Bubbler & Tap	-27.375117	153.004935	2193	2016-03-01 14:56:50	\N
2177	Bubbler & 2 taps	-27.380254	153.003793	2194	2016-03-01 14:56:50	\N
2178	Bubbler & 2 taps	-27.381382	153.004359	2194	2016-03-01 14:56:50	\N
2179	Bubbler & 2 taps	-27.404457	152.980204	2195	2016-03-01 14:56:50	\N
2180	Bubbler & 2 taps	-27.402651	152.980214	2195	2016-03-01 14:56:50	\N
2181	Bubbler & 2 taps	-27.402651	152.980801	2195	2016-03-01 14:56:50	\N
2182	Bubbler & Tap	-27.402119	152.981752	2195	2016-03-01 14:56:50	\N
2183	Bubbler & Tap	-27.405161	152.982348	2195	2016-03-01 14:56:50	\N
2184	Bubbler, tap & dog bowl	-27.408114	152.983005	2195	2016-03-01 14:56:50	\N
2185	Bubbler & Tap	-27.409016	152.983612	2195	2016-03-01 14:56:50	\N
2186	Bubbler	-27.410028	152.987385	2196	2016-03-01 14:56:50	\N
2187	Bubbler & 2 taps	-27.391159	152.982148	2197	2016-03-01 14:56:50	\N
2188	Bubbler & 2 taps	-27.389751	152.987034	2198	2016-03-01 14:56:50	\N
2189	Bubbler, tap & dog bowl	-27.384822	152.991596	2199	2016-03-01 14:56:50	\N
2190	Bubbler 2 taps & dog bowl	-27.383467	152.984658	2200	2016-03-01 14:56:50	\N
2191	Bubbler & tap	-27.377888	152.993083	2201	2016-03-01 14:56:50	\N
2192	Bubbler & 2 taps	-27.380173	153.000445	2201	2016-03-01 14:56:50	\N
2193	bubbler  2 tap  dog bowl	-27.373058	152.993811	2202	2016-03-01 14:56:50	\N
2194	Bubbler 2 taps & dog bowl	-27.375541	152.988148	2203	2016-03-01 14:56:50	\N
2195	Bubbler	-27.373509	152.981302	2204	2016-03-01 14:56:50	\N
2196	Bubbler & 2 taps	-27.381472	152.983990	2205	2016-03-01 14:56:50	\N
2197	Bubbler & 2 taps	-27.389237	152.995843	2206	2016-03-01 14:56:50	\N
2198	Bubbler & Tap	-27.407455	153.005807	2207	2016-03-01 14:56:50	\N
2199	Bubbler & Tap	-27.406896	153.006980	2207	2016-03-01 14:56:50	\N
2200		-27.410516	153.006849	2208	2016-03-01 14:56:50	\N
2201	Bubbler	-27.406164	153.003116	2209	2016-03-01 14:56:50	\N
2202	Bubbler & Tap	-27.414236	153.003086	2210	2016-03-01 14:56:50	\N
2203	Bubbler & Tap	-27.395809	153.001588	2211	2016-03-01 14:56:50	\N
2204	Bubbler & Tap	-27.398779	153.005503	2212	2016-03-01 14:56:50	\N
2205	Tap & bubbler outside small DOLA	-27.390799	153.003884	2213	2016-03-01 14:56:50	\N
2206	Bubbler & Tap	-27.392324	153.004066	2213	2016-03-01 14:56:50	\N
2207	Bubbler & Tap	-27.391918	153.004167	2213	2016-03-01 14:56:50	\N
2208	Bubbler, tap & dog bowl	-27.390708	153.005138	2213	2016-03-01 14:56:50	\N
2209	Bubbler & Tap	-27.373966	153.078374	2214	2016-03-01 14:56:50	\N
2210		-27.376392	153.083665	2215	2016-03-01 14:56:50	\N
2211	Bubbler & Tap	-27.378161	153.084900	2216	2016-03-01 14:56:50	\N
2212	Bubbler & 2 taps	-27.389440	153.035693	2217	2016-03-01 14:56:50	\N
2213	bikeway rest stop	-27.411107	153.038664	2218	2016-03-01 14:56:50	\N
2214	Bubbler & Tap	-27.404958	153.040553	2219	2016-03-01 14:56:50	\N
2215	Spring Loaded	-27.387948	153.065822	2220	2016-03-01 14:56:50	\N
2216	Bubbler & Tap	-27.396901	153.072554	2221	2016-03-01 14:56:50	\N
2217	Bubbler	-27.390894	153.060868	2222	2016-03-01 14:56:50	\N
2218	Bubbler & 2 taps	-27.389992	153.077748	2223	2016-03-01 14:56:50	\N
2219	Bubbler & Tap	-27.374073	153.095819	2224	2016-03-01 14:56:50	\N
2220	Bubbler & 2 taps	-27.371505	153.088505	2225	2016-03-01 14:56:50	\N
2221	Bubbler	-27.373474	153.086747	2226	2016-03-01 14:56:50	\N
2222	-	-27.343600	153.100615	2227	2016-03-01 14:56:50	\N
2223	Bubbler	-27.344582	153.102658	2227	2016-03-01 14:56:50	\N
2224	Bubbler	-27.345267	153.103862	2227	2016-03-01 14:56:50	\N
2225	Bubbler & Tap	-27.343933	153.101020	2227	2016-03-01 14:56:50	\N
2226	Bubbler & Tap	-27.344312	153.101778	2227	2016-03-01 14:56:50	\N
2227	Bubbler & 2 taps	-27.344645	153.102648	2227	2016-03-01 14:56:50	\N
2228	Bubbler & 2 taps	-27.345258	153.103821	2227	2016-03-01 14:56:50	\N
2229	Bubbler & Tap	-27.340806	153.077795	2228	2016-03-01 14:56:50	\N
2230	Bubbler & Tap	-27.340969	153.078078	2228	2016-03-01 14:56:50	\N
2231	Bubbler & Tap	-27.340770	153.078118	2228	2016-03-01 14:56:50	\N
2232	Bubbler & 2 taps	-27.359473	153.097980	2228	2016-03-01 14:56:50	\N
2233	Bubbler & Tap	-27.371262	153.100690	2229	2016-03-01 14:56:50	\N
2234	Bubbler, tap & dog bowl	-27.362332	153.102159	2229	2016-03-01 14:56:50	\N
2235	Bubbler & Tap	-27.362404	153.102159	2229	2016-03-01 14:56:50	\N
2236	Bubbler & Tap	-27.351369	153.105748	2229	2016-03-01 14:56:50	\N
2237	Bubbler & Tap	-27.350972	153.105899	2229	2016-03-01 14:56:50	\N
2238	Bubbler & 2 taps	-27.350926	153.106132	2229	2016-03-01 14:56:50	\N
2239	Bubbler & Tap	-27.350303	153.106232	2229	2016-03-01 14:56:50	\N
2240	Bubbler 2 taps & dog bowl	-27.400809	153.056079	2230	2016-03-01 14:56:50	\N
2241	Bubbler & Tap	-27.400339	153.056210	2230	2016-03-01 14:56:50	\N
2242	Bubbler & 2 taps	-27.401584	153.057495	2230	2016-03-01 14:56:50	\N
2243	Bubbler & Tap	-27.404738	153.051306	2231	2016-03-01 14:56:50	\N
2244	Bubbler &  2 taps	-27.408590	153.059006	2232	2016-03-01 14:56:50	\N
2245	Bubbler & 2 taps	-27.409303	153.058885	2232	2016-03-01 14:56:50	\N
2246	Bubbler & Tap	-27.405974	153.052399	2233	2016-03-01 14:56:50	\N
2247	Bubbler & 2 taps	-27.407427	153.054494	2233	2016-03-01 14:56:50	\N
2248	Bubbler	-27.405894	153.071184	2234	2016-03-01 14:56:50	\N
2249	Bubbler, tap & dog bowl	-27.404948	153.067350	2234	2016-03-01 14:56:50	\N
2250	Bubbler, tap & dog bowl	-27.407277	153.067442	2234	2016-03-01 14:56:50	\N
2251	Bubbler, tap & dog bowl	-27.403963	153.068391	2234	2016-03-01 14:56:50	\N
2252	Bubbler & Tap	-27.403962	153.069352	2234	2016-03-01 14:56:50	\N
2253	Bubbler & Tap	-27.405081	153.072134	2234	2016-03-01 14:56:50	\N
2254	Drinking Fountain	-27.401033	153.059093	2235	2016-03-01 14:56:50	\N
2255		-27.385524	153.055919	2236	2016-03-01 14:56:50	\N
2256	Bubbler & Tap	-27.385587	153.055919	2236	2016-03-01 14:56:50	\N
2257	Bubbler & Tap	-27.383153	153.069157	2237	2016-03-01 14:56:50	\N
2258	Bubbler & Tap	-27.392154	153.047973	2238	2016-03-01 14:56:50	\N
2259	Bubbler & Tap	-27.394378	153.035856	2239	2016-03-01 14:56:50	\N
2260	Drinking Fountain	-27.397139	153.042715	2240	2016-03-01 14:56:50	\N
2261	Bubbler & Tap	-27.390070	153.043431	2241	2016-03-01 14:56:50	\N
2262	Bubbler & Tap	-27.390051	153.044159	2241	2016-03-01 14:56:50	\N
2263	Bubbler & Tap	-27.395024	153.050988	2242	2016-03-01 14:56:50	\N
2264	Bubbler & Tap	-27.401257	153.039844	2243	2016-03-01 14:56:50	\N
2265	Bubbler & Tap	-27.401591	153.039986	2243	2016-03-01 14:56:50	\N
2266	Bubbler & Tap	-27.403622	153.040988	2243	2016-03-01 14:56:50	\N
2267	Bubbler & Tap	-27.403486	153.041160	2243	2016-03-01 14:56:50	\N
2268	Bubbler & Tap	-27.407702	153.041870	2243	2016-03-01 14:56:50	\N
2269	Bubbler & Tap	-27.407666	153.042112	2243	2016-03-01 14:56:50	\N
2270	Bubbler & Tap	-27.402699	153.046723	2243	2016-03-01 14:56:50	\N
2271	Bubbler & 2 taps	-27.402952	153.047370	2243	2016-03-01 14:56:50	\N
2272		-27.381336	153.053116	2244	2016-03-01 14:56:50	\N
2273	Bubbler	-27.613523	153.059967	2245	2016-03-01 14:56:50	\N
2274	Bubbler & Tap	-27.615402	153.057090	2246	2016-03-01 14:56:50	\N
2275	Bubbler & Tap	-27.619809	153.054224	2247	2016-03-01 14:56:50	\N
2276	Bubbler & Tap	-27.632728	153.053784	2248	2016-03-01 14:56:50	\N
2277	Bubbler, tap & dog bowl	-27.631039	153.056794	2249	2016-03-01 14:56:50	\N
2278	Bubbler & Tap	-27.631481	153.057615	2249	2016-03-01 14:56:50	\N
2279	Bubbler & Tap	-27.617589	153.052672	2250	2016-03-01 14:56:50	\N
2280		-27.628829	153.050326	2251	2016-03-01 14:56:50	\N
2281	Bubbler & Tap	-27.642859	153.047696	2252	2016-03-01 14:56:50	\N
2282	Bubbler & 2 taps	-27.640801	153.046205	2253	2016-03-01 14:56:50	\N
2283	Bubbler & 2 taps	-27.651814	153.049799	2254	2016-03-01 14:56:50	\N
2284	Bubbler & Tap	-27.623446	153.091139	2255	2016-03-01 14:56:50	\N
2285	Bubbler & Tap	-27.623247	153.091372	2255	2016-03-01 14:56:50	\N
2286	Bubbler & Tap	-27.623220	153.091636	2255	2016-03-01 14:56:50	\N
2287	Bubbler, tap & dog bowl	-27.623454	153.091950	2255	2016-03-01 14:56:50	\N
2288	Drinking fountain, 2 taps, dog bowl	-27.623761	153.093157	2255	2016-03-01 14:56:50	\N
2289	Bubbler & 2 taps	-27.633771	153.095527	2255	2016-03-01 14:56:50	\N
2290	Bubbler & Tap	-27.602712	153.070976	2256	2016-03-01 14:56:50	\N
2291	Bubbler & 2 taps	-27.599819	153.078301	2257	2016-03-01 14:56:50	\N
2292		-27.607751	153.066896	2258	2016-03-01 14:56:50	\N
2293	Bubbler & 2 taps	-27.603530	153.077919	2259	2016-03-01 14:56:50	\N
2294		-27.600764	153.067246	2260	2016-03-01 14:56:50	\N
2295	Bubbler & Tap	-27.600498	153.074795	2261	2016-03-01 14:56:50	\N
2296	Bubbler & Tap	-27.600429	153.069050	2262	2016-03-01 14:56:50	\N
2297	Bubbler & Tap	-27.606187	153.071688	2263	2016-03-01 14:56:50	\N
2298	Bubbler & Tap	-27.613536	153.071946	2264	2016-03-01 14:56:50	\N
2299	Bubbler & Tap	-27.616811	153.075121	2265	2016-03-01 14:56:50	\N
2300		-27.617618	153.068614	2266	2016-03-01 14:56:50	\N
2301		-27.617600	153.068847	2266	2016-03-01 14:56:50	\N
2302	Bubbler & Tap	-27.627570	153.061505	2267	2016-03-01 14:56:50	\N
2303	Bubbler & Tap	-27.631227	153.058720	2268	2016-03-01 14:56:50	\N
2304	Bubbler & 2 taps	-27.591164	153.052538	2269	2016-03-01 14:56:50	\N
2305		-27.590505	153.052558	2269	2016-03-01 14:56:50	\N
2306	Bubbler & 2 taps	-27.602111	153.062362	2270	2016-03-01 14:56:50	\N
2307	Bubbler 2 taps & dog bowl	-27.602508	153.062829	2270	2016-03-01 14:56:50	\N
2308	Bubbler & Tap	-27.592166	153.054544	2271	2016-03-01 14:56:50	\N
2309	Bubbler & Tap	-27.610237	153.059195	2272	2016-03-01 14:56:50	\N
2310	Bubbler 2 taps & dog bowl	-27.605173	153.057834	2273	2016-03-01 14:56:50	\N
2311	Bubbler & 2 taps	-27.606322	153.051846	2274	2016-03-01 14:56:50	\N
2312	Bubbler & 2 taps	-27.602910	153.052766	2275	2016-03-01 14:56:50	\N
2313		-27.597420	153.053726	2276	2016-03-01 14:56:50	\N
2314	Bubbler & 2 taps	-27.597438	153.053736	2276	2016-03-01 14:56:50	\N
2315		-27.596360	153.062187	2277	2016-03-01 14:56:50	\N
2316	Bubbler & 2 taps	-27.596351	153.062197	2277	2016-03-01 14:56:50	\N
2317	Bubbler	-27.595248	153.042376	2278	2016-03-01 14:56:50	\N
2318	Bubbler & 2 taps	-27.595830	153.057211	2279	2016-03-01 14:56:50	\N
2319	Bubbler & Tap	-27.604336	153.051976	2280	2016-03-01 14:56:50	\N
2320	Bubbler & 2 taps	-27.583205	153.041936	2281	2016-03-01 14:56:50	\N
2321	Bubbler & Tap	-27.602269	153.050729	2282	2016-03-01 14:56:50	\N
2322	Bubbler & 2 taps	-27.602108	153.048297	2283	2016-03-01 14:56:50	\N
2323	Bubbler & 2 taps	-27.601261	153.042743	2284	2016-03-01 14:56:50	\N
2324	Bubbler & 2 taps	-27.601862	153.053799	2285	2016-03-01 14:56:50	\N
2325	Bubbler & 2 taps	-27.583655	153.099455	2286	2016-03-01 14:56:50	\N
2326		-27.589638	153.089409	2287	2016-03-01 14:56:50	\N
2327	Bubbler & 2 taps	-27.589638	153.089409	2287	2016-03-01 14:56:50	\N
2328	Bubbler & 2 taps	-27.587246	153.088161	2288	2016-03-01 14:56:50	\N
2329	Bubbler & Tap	-27.587246	153.088181	2288	2016-03-01 14:56:50	\N
2330	Bubbler & Tap	-27.582552	153.088704	2289	2016-03-01 14:56:50	\N
2331	Bubbler & 2 taps	-27.583043	153.096526	2290	2016-03-01 14:56:50	\N
2332	Bubbler & Tap	-27.583034	153.096557	2290	2016-03-01 14:56:50	\N
2333	Bubbler & Tap	-27.585993	153.085941	2291	2016-03-01 14:56:50	\N
2334		-27.576335	153.082327	2292	2016-03-01 14:56:50	\N
2335	Bubbler & Tap	-27.575134	153.096601	2293	2016-03-01 14:56:50	\N
2336	Bubbler & 2 taps	-27.583441	153.080427	2294	2016-03-01 14:56:50	\N
2337	Bubbler & Tap	-27.604261	153.092522	2295	2016-03-01 14:56:50	\N
2338	Bubbler & Tap	-27.599248	153.095578	2295	2016-03-01 14:56:50	\N
2339	Bubbler & Tap	-27.603875	153.101926	2296	2016-03-01 14:56:50	\N
2340	Bubbler & Tap	-27.603478	153.102341	2296	2016-03-01 14:56:50	\N
2341	Drinking Fountain	-27.605368	153.097914	2297	2016-03-01 14:56:50	\N
2342	Bubbler & Tap	-27.605603	153.097570	2297	2016-03-01 14:56:50	\N
2343	Bubbler & Tap	-27.605295	153.098117	2297	2016-03-01 14:56:50	\N
2344	Bubbler & 2 taps	-27.572221	153.077896	2298	2016-03-01 14:56:50	\N
2345	Bubbler 2 taps & dog bowl	-27.569480	153.072049	2299	2016-03-01 14:56:50	\N
2346	Bubbler	-27.566773	153.068927	2300	2016-03-01 14:56:50	\N
2347		-27.563998	153.057468	2301	2016-03-01 14:56:50	\N
2348	Bubbler & Tap	-27.590658	153.073248	2302	2016-03-01 14:56:50	\N
2349	Bubbler & Tap	-27.588871	153.072508	2303	2016-03-01 14:56:50	\N
2350	Bubbler & Tap	-27.592880	153.087497	2304	2016-03-01 14:56:50	\N
2351	Bubbler & Tap	-27.593219	153.079198	2305	2016-03-01 14:56:50	\N
2352	Bubbler	-27.585367	153.057246	2306	2016-03-01 14:56:50	\N
2353	Bubbler & Tap	-27.582778	153.051551	2306	2016-03-01 14:56:50	\N
2354	Bubbler & Tap	-27.583184	153.051865	2306	2016-03-01 14:56:50	\N
2355	Bubbler 2 taps & dog bowl	-27.583274	153.052899	2306	2016-03-01 14:56:50	\N
2356	Bubbler & Tap	-27.577576	153.075215	2307	2016-03-01 14:56:50	\N
2357	Bubbler & Tap	-27.575680	153.075407	2307	2016-03-01 14:56:50	\N
2358	Bubbler, tap & dog bowl	-27.573812	153.073379	2308	2016-03-01 14:56:50	\N
2359	Bubbler & Tap	-27.573794	153.073460	2308	2016-03-01 14:56:50	\N
2360	Bubbler, tap & dog bowl	-27.574741	153.075558	2308	2016-03-01 14:56:50	\N
2361	Bubbler & Tap	-27.574019	153.075638	2308	2016-03-01 14:56:50	\N
2362	Bubbler & 2 taps	-27.574430	153.065092	2309	2016-03-01 14:56:50	\N
2363	Bubbler & 2 taps	-27.577964	153.057091	2310	2016-03-01 14:56:50	\N
2364	Bubbler	-27.577948	153.016798	2311	2016-03-01 14:56:50	\N
2365	Bubbler & 2 taps	-27.577063	153.016271	2311	2016-03-01 14:56:50	\N
2366	Bubbler & 2 taps	-27.576801	153.017011	2311	2016-03-01 14:56:50	\N
2367	Diabled access Bubbler	-27.579536	153.019189	2312	2016-03-01 14:56:50	\N
2368	Bubbler & 2 taps	-27.586199	153.014590	2313	2016-03-01 14:56:50	\N
2369	Bubbler - Disabled Access	-27.585620	153.026029	2314	2016-03-01 14:56:50	\N
2370	Bubbler & 2 taps	-27.586740	153.024257	2314	2016-03-01 14:56:50	\N
2371	Bubbler & Tap	-27.586848	153.025087	2314	2016-03-01 14:56:50	\N
2372	Bubbler 2 taps & dog bowl	-27.593167	153.026254	2315	2016-03-01 14:56:50	\N
2373	Bubbler & Tap	-27.569452	153.020484	2316	2016-03-01 14:56:50	\N
2374	Bubbler & Tap	-27.566350	153.041798	2317	2016-03-01 14:56:50	\N
2375	Bubbler & 2 taps	-27.565817	153.043591	2317	2016-03-01 14:56:50	\N
2376	Bubbler & Tap	-27.569014	153.042386	2318	2016-03-01 14:56:50	\N
2377	Drinking Fountain	-27.525459	153.022836	2319	2016-03-01 14:56:50	\N
2378	Bubbler & Tap	-27.525549	153.022684	2319	2016-03-01 14:56:50	\N
2379	Bubbler & 2 taps	-27.524980	153.023757	2320	2016-03-01 14:56:50	\N
2380	Bubbler & 2 taps	-27.528383	153.025510	2321	2016-03-01 14:56:50	\N
2381	Diabled access Bubbler	-27.530468	153.028417	2322	2016-03-01 14:56:50	\N
2382	Bubbler & 2 taps	-27.532065	153.030949	2323	2016-03-01 14:56:50	\N
2383	Bubbler & 2 taps	-27.532336	153.031536	2323	2016-03-01 14:56:50	\N
2384	Bubbler	-27.543100	153.014868	2324	2016-03-01 14:56:50	\N
2385	Bubbler	-27.539922	153.016873	2325	2016-03-01 14:56:50	\N
2386	Bubbler & 2 taps	-27.539940	153.019101	2326	2016-03-01 14:56:50	\N
2387	Bubbler & Tap	-27.538792	153.024661	2327	2016-03-01 14:56:50	\N
2388	Drinking Fountain	-27.531977	153.024012	2328	2016-03-01 14:56:50	\N
2389	Bubbler & Tap	-27.550034	153.013036	2329	2016-03-01 14:56:50	\N
2390	Bubbler	-27.554484	153.017179	2330	2016-03-01 14:56:50	\N
2391	Bubbler, tap & dog bowl	-27.537064	153.042010	2331	2016-03-01 14:56:50	\N
2392	Bubbler & Tap	-27.537223	153.053221	2331	2016-03-01 14:56:50	\N
2393	Bubbler & 2 taps	-27.550689	153.036302	2332	2016-03-01 14:56:50	\N
2394	Bubbler & Tap	-27.546211	153.037475	2332	2016-03-01 14:56:50	\N
2395	Bubbler & Tap	-27.547547	153.038043	2332	2016-03-01 14:56:50	\N
2396	Bubbler & Tap	-27.547547	153.038043	2332	2016-03-01 14:56:50	\N
2397	Drinking Fountain	-27.555517	153.042969	2333	2016-03-01 14:56:50	\N
2398	Bubbler & Tap (antivandal)	-27.555735	153.038117	2334	2016-03-01 14:56:50	\N
2399		-27.547956	153.025403	2335	2016-03-01 14:56:50	\N
2400	Bubbler & Tap	-27.518765	153.040869	2336	2016-03-01 14:56:50	\N
2401	Bubbler & Tap	-27.519243	153.041547	2336	2016-03-01 14:56:50	\N
2402	Bubbler & Tap	-27.519685	153.041618	2336	2016-03-01 14:56:50	\N
2403	Bubbler & 2 taps	-27.533576	153.051953	2337	2016-03-01 14:56:50	\N
2404	Bubbler & Tap	-27.534323	153.057007	2338	2016-03-01 14:56:50	\N
2405	Drinking Fountain	-27.614155	153.034590	2339	2016-03-01 14:56:50	\N
2406	Drinking Fountain	-27.616377	153.028246	2340	2016-03-01 14:56:50	\N
2407	Bubbler 2 taps & dog bowl	-27.616946	153.029300	2341	2016-03-01 14:56:50	\N
2408		-27.624994	153.045530	2342	2016-03-01 14:56:50	\N
2409	Bubbler & Tap	-27.626132	153.045469	2342	2016-03-01 14:56:50	\N
2410	Bubbler & Tap	-27.628858	153.045683	2342	2016-03-01 14:56:50	\N
2411	Bubbler, tap & dog bowl	-27.618585	153.043855	2343	2016-03-01 14:56:50	\N
2412	Bubbler	-27.622126	153.037897	2344	2016-03-01 14:56:50	\N
2413	Bubbler & 2 taps	-27.621999	153.037329	2344	2016-03-01 14:56:50	\N
2414	Drinking Fountain	-27.620501	152.963026	2345	2016-03-01 14:56:50	\N
2415	Bubbler & Tap	-27.625313	152.965143	2345	2016-03-01 14:56:50	\N
2416	Bubbler & Tap	-27.619185	152.971682	2346	2016-03-01 14:56:50	\N
2417	Bubbler & Tap	-27.619176	152.971723	2346	2016-03-01 14:56:50	\N
2418	Bubbler & Tap	-27.618381	152.972362	2346	2016-03-01 14:56:50	\N
2419	Bubbler & 2 taps	-27.626660	152.974133	2347	2016-03-01 14:56:50	\N
2420	Bubbler	-27.630669	152.977142	2348	2016-03-01 14:56:50	\N
2421	Drinking Fountain	-27.631409	152.973382	2349	2016-03-01 14:56:50	\N
2422	Drinking Fountain & 2 taps	-27.631604	152.960833	2350	2016-03-01 14:56:50	\N
2423	1 fountain 1 tap	-27.628996	152.964615	2351	2016-03-01 14:56:50	\N
2424	Drinking Fountain	-27.635653	152.983528	2352	2016-03-01 14:56:50	\N
2425	Drinking fountain	-27.633757	152.978916	2353	2016-03-01 14:56:50	\N
2426	Bubbler & Tap	-27.632178	152.993868	2354	2016-03-01 14:56:50	\N
2427	Bubbler & Tap	-27.637315	152.986994	2355	2016-03-01 14:56:50	\N
2428	Bubbler 2 taps & dog bowl	-27.609202	153.012303	2356	2016-03-01 14:56:50	\N
2429	Bubbler & 2 taps	-27.632635	153.031687	2357	2016-03-01 14:56:50	\N
2430	Bubbler	-27.630387	153.034504	2358	2016-03-01 14:56:50	\N
2431	Bubbler & Tap	-27.628961	153.031990	2358	2016-03-01 14:56:50	\N
2432	Bubbler & Tap	-27.630486	153.034504	2358	2016-03-01 14:56:50	\N
2433	Bubbler & Tap	-27.630387	153.034504	2358	2016-03-01 14:56:50	\N
2434	Bubbler 2 taps & dog bowl	-27.634593	153.039209	2359	2016-03-01 14:56:50	\N
2435	Bubbler 2 taps & dog bowl	-27.635888	153.019828	2360	2016-03-01 14:56:50	\N
2436	Bubbler & 2 taps	-27.636808	153.020314	2360	2016-03-01 14:56:50	\N
2437	Bubbler & Tap	-27.629125	153.023597	2360	2016-03-01 14:56:50	\N
2438	Bubbler & Tap	-27.636527	153.028768	2361	2016-03-01 14:56:50	\N
2439	Bubbler & Tap	-27.636437	153.029245	2361	2016-03-01 14:56:50	\N
2440	Bubbler & Tap	-27.641266	153.030746	2362	2016-03-01 14:56:50	\N
2441	Bubbler & Tap	-27.639597	153.024968	2363	2016-03-01 14:56:50	\N
2442	Disabled access fountain	-27.641007	153.018288	2364	2016-03-01 14:56:50	\N
2443	Bubbler & Tap	-27.605462	153.030088	2365	2016-03-01 14:56:50	\N
2444	2 taps 1 fountain	-27.615175	152.939151	2366	2016-03-01 14:56:50	\N
2445	2 taps 1 fountain	-27.616430	152.939606	2366	2016-03-01 14:56:50	\N
2446	2 taps 1 fountain	-27.615870	152.939718	2366	2016-03-01 14:56:50	\N
2447	Drinking Fountain	-27.610920	152.933143	2367	2016-03-01 14:56:50	\N
2448	Bubbler & 2 taps	-27.610812	152.933457	2367	2016-03-01 14:56:50	\N
2449	Bubbler & 2 Taps	-27.610958	152.937298	2368	2016-03-01 14:56:50	\N
2450	2 tap 1 fountain	-27.610940	152.937734	2368	2016-03-01 14:56:50	\N
2451	Bubbler, tap & dog bowl	-27.614027	152.935290	2369	2016-03-01 14:56:50	\N
2452	Bubbler & 2 taps	-27.614054	152.935300	2369	2016-03-01 14:56:50	\N
2453	Bubbler	-27.607768	152.929902	2370	2016-03-01 14:56:50	\N
2454	Bubbler & 2 taps	-27.569482	152.955608	2371	2016-03-01 14:56:50	\N
2455	Bubbler & Tap	-27.573480	152.949223	2372	2016-03-01 14:56:50	\N
2456	Bubbler & 2 taps	-27.571746	152.949903	2372	2016-03-01 14:56:50	\N
2457	Bubbler & Tap	-27.573432	152.942811	2373	2016-03-01 14:56:50	\N
2458	Bubbler	-27.606782	152.982894	2374	2016-03-01 14:56:50	\N
2459	Bubbler 2 taps & dog bowl	-27.597781	152.978376	2375	2016-03-01 14:56:50	\N
2460	2 taps 1 fountain	-27.607300	152.957275	2376	2016-03-01 14:56:50	\N
2461	Bubbler & Tap	-27.624197	152.945906	2377	2016-03-01 14:56:50	\N
2462	Bubbler & Tap	-27.627086	152.946300	2378	2016-03-01 14:56:50	\N
2463		-27.590925	152.961283	2379	2016-03-01 14:56:50	\N
2464	Bubbler & 2 taps	-27.583615	152.971651	2380	2016-03-01 14:56:50	\N
2465	Bubbler	-27.589908	152.976401	2381	2016-03-01 14:56:50	\N
2466	Bubbler & Tap	-27.597051	152.985581	2382	2016-03-01 14:56:50	\N
2467	Bubbler & 2 taps	-27.597493	152.986158	2382	2016-03-01 14:56:50	\N
2468	Bubbler & 2 taps	-27.597123	152.986634	2382	2016-03-01 14:56:50	\N
2469		-27.596913	152.971151	2383	2016-03-01 14:56:50	\N
2471	Bubbler & Tap	-27.595947	152.971486	2385	2016-03-01 14:56:50	\N
2472	Bubbler, tap & dog bowl	-27.599844	152.959365	2386	2016-03-01 14:56:50	\N
2473	Bubbler & 2 taps	-27.554357	152.975254	2387	2016-03-01 14:56:50	\N
2474	Bubbler & 2 taps	-27.554185	152.975558	2387	2016-03-01 14:56:50	\N
2475	Bubbler & 2 taps	-27.552353	152.978273	2388	2016-03-01 14:56:50	\N
2476	Bubbler & Tap	-27.558013	152.978667	2389	2016-03-01 14:56:50	\N
2477	Drinking Fountain	-27.560639	152.970684	2390	2016-03-01 14:56:50	\N
2478	Bubbler & Tap (antivandal)	-27.551154	152.991512	2391	2016-03-01 14:56:50	\N
2479	Bubbler & Tap	-27.564667	152.979892	2392	2016-03-01 14:56:50	\N
2480	Bubbler & 2 taps	-27.561604	152.967068	2393	2016-03-01 14:56:50	\N
2481	Bubbler & 2 taps	-27.556947	152.974940	2394	2016-03-01 14:56:50	\N
2482	Bubbler & Tap	-27.574400	152.984277	2395	2016-03-01 14:56:50	\N
2483	Disabled access fountain	-27.579506	152.965877	2396	2016-03-01 14:56:50	\N
2484	Bubbler & Tap	-27.579948	152.964479	2396	2016-03-01 14:56:50	\N
2485	Bubbler & Tap	-27.579127	152.965117	2396	2016-03-01 14:56:50	\N
2486	Bubbler & Tap	-27.578703	152.966779	2396	2016-03-01 14:56:50	\N
2487	Bubbler & Tap	-27.578577	152.967245	2396	2016-03-01 14:56:50	\N
2488	Bubbler & Tap	-27.592479	152.921644	2397	2016-03-01 14:56:50	\N
2489	Bubbler & 2 taps	-27.500640	153.029492	2398	2016-03-01 14:56:50	\N
2490	Bubbler & Tap	-27.522965	153.030470	2399	2016-03-01 14:56:50	\N
2491	Bubbler & Tap	-27.523507	153.031149	2399	2016-03-01 14:56:50	\N
2492	Bubbler & 2 taps	-27.510355	152.975872	2400	2016-03-01 14:56:50	\N
2493		-27.510933	152.978646	2401	2016-03-01 14:56:50	\N
2494	Bubbler 2 taps & dog bowl	-27.510933	152.979031	2401	2016-03-01 14:56:50	\N
2495	Bubbler & 2 taps	-27.506165	152.972835	2402	2016-03-01 14:56:50	\N
2496	Bubbler 2 taps & dog bowl	-27.548318	152.984594	2403	2016-03-01 14:56:50	\N
2497	Bubbler & 2 taps	-27.549799	152.984817	2403	2016-03-01 14:56:50	\N
2498	Bubbler & 2 taps	-27.539291	152.987401	2404	2016-03-01 14:56:50	\N
2499	Bubbler & Tap	-27.547957	152.980776	2405	2016-03-01 14:56:50	\N
2500	Bubbler, tap & dog bowl	-27.547957	152.980776	2405	2016-03-01 14:56:50	\N
2501	Bubbler & Tap	-27.546350	152.980817	2405	2016-03-01 14:56:50	\N
2502		-27.548806	152.992049	2406	2016-03-01 14:56:50	\N
2503		-27.548924	152.992049	2406	2016-03-01 14:56:50	\N
2504		-27.548815	152.992262	2406	2016-03-01 14:56:50	\N
2505	Bubbler & Tap	-27.550323	152.992424	2406	2016-03-01 14:56:50	\N
2506		-27.548897	152.992444	2406	2016-03-01 14:56:50	\N
2507		-27.549186	152.992515	2406	2016-03-01 14:56:50	\N
2508		-27.549204	152.992647	2406	2016-03-01 14:56:50	\N
2509		-27.549213	152.992778	2406	2016-03-01 14:56:50	\N
2510	Bubbler & 2 taps	-27.507583	153.024168	2407	2016-03-01 14:56:50	\N
2511	Bubbler & 2 taps	-27.508242	153.023267	2408	2016-03-01 14:56:50	\N
2512	Bubbler & 2 taps	-27.509524	153.023399	2408	2016-03-01 14:56:50	\N
2513	Bubbler & 2 taps	-27.508188	153.024199	2408	2016-03-01 14:56:50	\N
2514	Bubbler & 2 taps	-27.500957	153.023094	2409	2016-03-01 14:56:50	\N
2515	Bubbler & 2 taps	-27.503430	153.026354	2410	2016-03-01 14:56:50	\N
2516	Bubbler & Tap	-27.507393	153.025768	2411	2016-03-01 14:56:50	\N
2517	Bubbler & 2 taps	-27.521948	152.988011	2412	2016-03-01 14:56:50	\N
2518	Bubbler & Tap	-27.518066	152.984305	2413	2016-03-01 14:56:50	\N
2519	Bubbler & Tap	-27.517669	152.985581	2413	2016-03-01 14:56:50	\N
2520	Bubbler & 2 taps	-27.518617	152.985935	2413	2016-03-01 14:56:50	\N
2521	Bubbler, tap & dog bowl	-27.518806	152.986067	2413	2016-03-01 14:56:50	\N
2522	Bubbler & 2 taps	-27.518246	152.986198	2413	2016-03-01 14:56:50	\N
2523	Bubbler & 2 taps	-27.517361	152.977774	2414	2016-03-01 14:56:50	\N
2524	Bubbler & 2 taps	-27.518489	152.978128	2414	2016-03-01 14:56:50	\N
2525		-27.517235	152.980133	2415	2016-03-01 14:56:50	\N
2526	Bubbler & Tap	-27.524774	152.991838	2416	2016-03-01 14:56:50	\N
2527	Bubbler & Tap	-27.523420	152.992719	2417	2016-03-01 14:56:50	\N
2528	Bubbler & Tap	-27.523781	152.993874	2417	2016-03-01 14:56:50	\N
2529	Bubbler & 2 taps	-27.528593	152.989742	2418	2016-03-01 14:56:50	\N
2530	Bubbler & 2 taps	-27.526525	152.989843	2418	2016-03-01 14:56:50	\N
2531	Bubbler & 2 taps	-27.532508	152.972191	2419	2016-03-01 14:56:50	\N
2532	Bubbler & 2 taps	-27.531543	152.972505	2419	2016-03-01 14:56:50	\N
2533	Bubbler & 2 taps	-27.530658	152.972576	2419	2016-03-01 14:56:50	\N
2534	Bubbler & 2 taps	-27.532680	152.972667	2419	2016-03-01 14:56:50	\N
2535	Bubbler & 2 taps	-27.531154	152.972768	2419	2016-03-01 14:56:50	\N
2536	Bubbler & Tap	-27.530089	152.972971	2419	2016-03-01 14:56:50	\N
2537	Bubbler & 2 taps	-27.531877	152.973355	2419	2016-03-01 14:56:50	\N
2538	Bubbler & Tap	-27.532102	152.973416	2419	2016-03-01 14:56:50	\N
2539	Bubbler & Tap	-27.529159	152.973478	2419	2016-03-01 14:56:50	\N
2540	Bubbler, tap & dog bowl	-27.532816	152.973679	2419	2016-03-01 14:56:50	\N
2541	Bubbler & Tap	-27.529250	152.973751	2419	2016-03-01 14:56:50	\N
2542	Bubbler & 2 taps	-27.532464	152.977376	2420	2016-03-01 14:56:50	\N
2543	Bubbler & 2 taps	-27.526307	153.020932	2421	2016-03-01 14:56:50	\N
2544	Bubbler & 2 taps	-27.506068	153.009183	2422	2016-03-01 14:56:50	\N
2545	Bubbler & 2 taps	-27.505743	153.012119	2422	2016-03-01 14:56:50	\N
2546	Bubbler & 2 taps	-27.505680	153.013264	2422	2016-03-01 14:56:50	\N
2547	Bubbler & 2 taps	-27.505689	153.013770	2422	2016-03-01 14:56:50	\N
2548	Bubbler & 2 taps	-27.505390	153.018042	2422	2016-03-01 14:56:50	\N
2549	Bubbler	-27.506907	153.015167	2423	2016-03-01 14:56:50	\N
2550	Bubbler & Tap	-27.509110	153.016200	2423	2016-03-01 14:56:50	\N
2551	Bubbler & Tap	-27.509101	153.016342	2423	2016-03-01 14:56:50	\N
2552	Bubbler & 2 taps	-27.507557	153.017759	2423	2016-03-01 14:56:50	\N
2553	Bubbler & Tap	-27.511520	153.018712	2424	2016-03-01 14:56:50	\N
2554	Bubbler & 2 taps	-27.511159	153.019208	2424	2016-03-01 14:56:50	\N
2555	Bubbler, tap & dog bowl	-27.512089	153.015310	2425	2016-03-01 14:56:50	\N
2556	Bubbler & 2 taps	-27.512405	153.015755	2425	2016-03-01 14:56:50	\N
2557	Bubbler & 2 taps	-27.520133	153.013994	2426	2016-03-01 14:56:50	\N
2558	Bubbler	-27.518065	153.021710	2427	2016-03-01 14:56:50	\N
2559	Bubbler & Tap	-27.518209	153.021396	2427	2016-03-01 14:56:50	\N
2560	Bubbler & 2 taps	-27.518381	153.022227	2427	2016-03-01 14:56:50	\N
2561	Bubbler & 2 taps	-27.518904	153.022368	2427	2016-03-01 14:56:50	\N
2562	Bubbler & Tap	-27.520421	153.022470	2427	2016-03-01 14:56:50	\N
2563	Bubbler & 2 taps	-27.521270	153.022642	2427	2016-03-01 14:56:50	\N
2564	Bubbler & 2 taps	-27.513706	152.999727	2428	2016-03-01 14:56:50	\N
2565	Bubbler & Tap	-27.513787	153.000101	2428	2016-03-01 14:56:50	\N
2566	Bubbler & 2 taps	-27.509002	153.005802	2429	2016-03-01 14:56:50	\N
2567		-27.428978	153.005160	2430	2016-03-01 14:56:50	\N
2568	Bubbler & Tap	-27.427850	153.003845	2430	2016-03-01 14:56:50	\N
2569	Bubbler & 2 taps	-27.428951	153.004432	2430	2016-03-01 14:56:50	\N
2570	Bubbler	-27.425295	152.997349	2431	2016-03-01 14:56:50	\N
2571	Bubbler & Tap	-27.413386	152.987334	2432	2016-03-01 14:56:50	\N
2572	Bubbler	-27.420636	152.986130	2433	2016-03-01 14:56:50	\N
2573	Bubbler	-27.427055	152.993049	2434	2016-03-01 14:56:50	\N
2574	Drinking Fountain	-27.412394	152.997532	2435	2016-03-01 14:56:50	\N
2575	Bubbler & Tap	-27.402666	152.938468	2436	2016-03-01 14:56:50	\N
2576	Bubbler	-27.412039	152.941761	2437	2016-03-01 14:56:50	\N
2577	Bubbler & Tap	-27.409509	152.937089	2437	2016-03-01 14:56:50	\N
2578	Bubbler & Tap	-27.412590	152.942277	2437	2016-03-01 14:56:50	\N
2579	Bubbler & Tap	-27.402258	152.934867	2438	2016-03-01 14:56:50	\N
2580	Bubbler & 2 taps	-27.398824	152.927991	2439	2016-03-01 14:56:50	\N
2581	Bubbler, tap & dog bowl	-27.405005	152.939074	2440	2016-03-01 14:56:50	\N
2582	Bubbler, tap & dog bowl	-27.405790	152.939245	2440	2016-03-01 14:56:50	\N
2583	Bubbler & 2 taps	-27.405474	152.939306	2440	2016-03-01 14:56:50	\N
2584	Bubbler	-27.410497	152.984634	2441	2016-03-01 14:56:50	\N
2585	Bubbler & Tap	-27.410524	152.981852	2441	2016-03-01 14:56:50	\N
2586	Bubbler & 2 taps	-27.411141	152.954933	2442	2016-03-01 14:56:50	\N
2587	Bubbler & Tap	-27.410207	152.944463	2443	2016-03-01 14:56:50	\N
2588	Bubbler & 2 taps	-27.404978	152.965445	2444	2016-03-01 14:56:50	\N
2589	Bubbler & Tap	-27.398657	152.961330	2445	2016-03-01 14:56:50	\N
2590	Bubbler & Tap	-27.398892	152.961401	2445	2016-03-01 14:56:50	\N
2591	Bubbler & Tap	-27.398449	152.961411	2445	2016-03-01 14:56:50	\N
2592	Bubbler & Tap	-27.398585	152.961573	2445	2016-03-01 14:56:50	\N
2593	Bubbler & Tap	-27.398305	152.961644	2445	2016-03-01 14:56:50	\N
2594	Bubbler & 2 taps	-27.398215	152.964092	2445	2016-03-01 14:56:50	\N
2595	Bubbler & Tap	-27.404028	152.959022	2446	2016-03-01 14:56:50	\N
2596	Bubbler	-27.407892	152.960720	2447	2016-03-01 14:56:50	\N
2597	Bubbler	-27.409651	152.955358	2448	2016-03-01 14:56:50	\N
2598	Bubbler & Tap	-27.408820	152.954741	2448	2016-03-01 14:56:50	\N
2599	Bubbler & Tap	-27.409046	152.954873	2448	2016-03-01 14:56:50	\N
2600	Bubbler & 2 taps	-27.409146	152.955905	2448	2016-03-01 14:56:50	\N
2601	Bubbler & 2 taps	-27.416391	152.942760	2449	2016-03-01 14:56:50	\N
2602	Bubbler & 2 taps	-27.414621	152.941537	2450	2016-03-01 14:56:50	\N
2603	Bubbler & 2 taps	-27.415506	152.942498	2450	2016-03-01 14:56:50	\N
2604	Bubbler & 2 taps	-27.415623	152.943347	2450	2016-03-01 14:56:50	\N
2605	Bubbler	-27.418104	152.939289	2451	2016-03-01 14:56:50	\N
2606	Bubbler & 2 taps	-27.420870	152.945682	2452	2016-03-01 14:56:50	\N
2607	Bubbler & Tap	-27.420752	152.945904	2452	2016-03-01 14:56:50	\N
2608	Bubbler	-27.412021	152.970734	2453	2016-03-01 14:56:50	\N
2609	Bubbler & Tap	-27.412102	152.971128	2453	2016-03-01 14:56:50	\N
2610	Bubbler	-27.417051	152.977551	2454	2016-03-01 14:56:50	\N
2611	Bubbler	-27.415977	152.979787	2455	2016-03-01 14:56:50	\N
2612	Bubbler & Tap	-27.414749	152.979524	2455	2016-03-01 14:56:50	\N
2613	Bubbler & Tap	-27.415922	152.979807	2455	2016-03-01 14:56:50	\N
2614	Bubbler & Tap	-27.402786	152.978181	2456	2016-03-01 14:56:50	\N
2615	Bubbler & Tap	-27.402605	152.972274	2457	2016-03-01 14:56:50	\N
2616	Bubbler & 2 taps	-27.414845	152.965978	2458	2016-03-01 14:56:50	\N
2617	Bubbler & Tap	-27.431010	153.002317	2459	2016-03-01 14:56:50	\N
2618	Bubbler	-27.410016	152.923239	2460	2016-03-01 14:56:50	\N
2619	Bubbler & 2 taps	-27.411370	152.922510	2460	2016-03-01 14:56:50	\N
2620	Bubbler & 2 taps	-27.411226	152.923229	2460	2016-03-01 14:56:50	\N
2621	Bubbler & 2 taps	-27.410215	152.923330	2460	2016-03-01 14:56:50	\N
2622	Bubbler & 2 taps	-27.412237	152.923400	2460	2016-03-01 14:56:50	\N
2623	Bubbler & 2 taps	-27.411407	152.923461	2460	2016-03-01 14:56:50	\N
2624	Bubbler & 2 taps	-27.409872	152.923492	2460	2016-03-01 14:56:50	\N
2625	Bubbler & 2 taps	-27.411544	152.926759	2461	2016-03-01 14:56:50	\N
2626	Bubbler & Tap	-27.415498	152.927019	2461	2016-03-01 14:56:50	\N
2627	Bubbler, tap & dog bowl	-27.410248	152.917706	2462	2016-03-01 14:56:50	\N
2628	Bubbler & Tap	-27.416238	152.924652	2463	2016-03-01 14:56:50	\N
2629	Bubbler	-27.537014	152.976261	2464	2016-03-01 14:56:50	\N
2630	Bubbler - Disabled Access	-27.536725	152.976676	2464	2016-03-01 14:56:50	\N
2631	Bubbler & Tap	-27.558468	152.933155	2465	2016-03-01 14:56:50	\N
2632	Bubbler 2 taps & dog bowl	-27.551624	152.929674	2466	2016-03-01 14:56:50	\N
2633	Bubbler & 2 taps	-27.552301	152.929684	2466	2016-03-01 14:56:50	\N
2634	Bubbler & 2 taps	-27.529843	152.937132	2467	2016-03-01 14:56:50	\N
2635		-27.529738	152.946368	2468	2016-03-01 14:56:50	\N
2636		-27.528872	152.946419	2468	2016-03-01 14:56:50	\N
2637	Disabled access fountain	-27.534454	152.956310	2469	2016-03-01 14:56:50	\N
2638	Bubbler 2 taps & dog bowl	-27.528899	152.947148	2469	2016-03-01 14:56:50	\N
2639	Bubbler & Tap	-27.529657	152.947390	2469	2016-03-01 14:56:50	\N
2640	Bubbler & Tap	-27.528980	152.947644	2469	2016-03-01 14:56:50	\N
2641	Bubbler & 2 taps	-27.550689	152.920123	2470	2016-03-01 14:56:50	\N
2642	Bubbler & 2 taps	-27.551610	152.920386	2470	2016-03-01 14:56:50	\N
2643	Bubbler & 2 taps	-27.543433	152.925973	2471	2016-03-01 14:56:50	\N
2644	Bubbler & Tap	-27.538821	152.927475	2471	2016-03-01 14:56:50	\N
2645	Bubbler, tap & dog bowl	-27.538307	152.929531	2471	2016-03-01 14:56:50	\N
2646	Bubbler 2 taps & dog bowl	-27.538190	152.929541	2471	2016-03-01 14:56:50	\N
2647	Bubbler	-27.547084	152.931936	2472	2016-03-01 14:56:50	\N
2648	Bubbler	-27.549568	152.934750	2473	2016-03-01 14:56:50	\N
2649	Bubbler 2 taps & dog bowl	-27.549559	152.934882	2473	2016-03-01 14:56:50	\N
2650		-27.548629	152.935754	2473	2016-03-01 14:56:50	\N
2651		-27.549346	152.974182	2474	2016-03-01 14:56:50	\N
2652	Bubbler & 2 taps	-27.546690	152.965300	2475	2016-03-01 14:56:50	\N
2653	Bubbler & Tap	-27.558238	152.908418	2476	2016-03-01 14:56:50	\N
2654	Bubbler	-27.559507	152.903221	2477	2016-03-01 14:56:50	\N
2655	Bubbler & Tap	-27.565844	152.902790	2478	2016-03-01 14:56:50	\N
2656	Bubbler & Tap	-27.563524	152.902913	2478	2016-03-01 14:56:50	\N
2657		-27.547478	152.945123	2479	2016-03-01 14:56:50	\N
2658	Bubbler	-27.544264	152.945064	2480	2016-03-01 14:56:50	\N
2659		-27.545103	152.944790	2480	2016-03-01 14:56:50	\N
2660	Bubbler & Tap	-27.544562	152.945206	2480	2016-03-01 14:56:50	\N
2661		-27.548725	152.948799	2481	2016-03-01 14:56:50	\N
2662	Bubbler & Tap	-27.548301	152.949215	2481	2016-03-01 14:56:50	\N
2663	Bubbler & Tap	-27.547940	152.950451	2481	2016-03-01 14:56:50	\N
2664	Bubbler, tap & dog bowl	-27.539239	152.955326	2482	2016-03-01 14:56:50	\N
2665		-27.533541	152.951055	2483	2016-03-01 14:56:50	\N
2666	Bubbler, tap & dog bowl	-27.548835	152.953408	2484	2016-03-01 14:56:50	\N
2667	Diabled access Bubbler	-27.542553	152.959143	2485	2016-03-01 14:56:50	\N
2668	Diabled access Bubbler	-27.541289	152.959336	2485	2016-03-01 14:56:50	\N
2669	Diabled access Bubbler	-27.541885	152.959771	2485	2016-03-01 14:56:50	\N
2670	Diabled access Bubbler	-27.543032	152.960004	2485	2016-03-01 14:56:50	\N
2671	Drinking Fountain	-27.542283	152.960531	2485	2016-03-01 14:56:50	\N
2672	Diabled access Bubbler	-27.543339	152.960692	2485	2016-03-01 14:56:50	\N
2673	Diabled access Bubbler	-27.542166	152.961098	2485	2016-03-01 14:56:50	\N
2674	Diabled access Bubbler	-27.542996	152.961250	2485	2016-03-01 14:56:50	\N
2675	Diabled access Bubbler	-27.541850	152.961523	2485	2016-03-01 14:56:50	\N
2676	Diabled access Bubbler	-27.543024	152.962586	2485	2016-03-01 14:56:50	\N
2677	Bubbler & 2 taps	-27.548404	152.905428	2486	2016-03-01 14:56:50	\N
2678	Bubbler	-27.545894	152.904458	2487	2016-03-01 14:56:50	\N
2679	Bubbler & 2 taps	-27.550460	152.914583	2488	2016-03-01 14:56:50	\N
2680	Bubbler & 2 taps	-27.545860	152.854819	2489	2016-03-01 14:56:50	\N
2681	Bubbler/tap/dog bowl	-27.543203	152.861233	2489	2016-03-01 14:56:50	\N
2682	Bubbler	-27.563903	152.890068	2490	2016-03-01 14:56:50	\N
2683	Bubbler	-27.565141	152.891546	2490	2016-03-01 14:56:50	\N
2684	Bubbler	-27.562371	152.894152	2490	2016-03-01 14:56:50	\N
2685	Bubbler & Tap	-27.561576	152.893596	2490	2016-03-01 14:56:50	\N
2686	Bubbler & Tap	-27.562570	152.893777	2490	2016-03-01 14:56:50	\N
2687	Bubbler & Tap	-27.564665	152.894514	2490	2016-03-01 14:56:50	\N
2688	Bubbler, tap & dog bowl	-27.564132	152.894748	2490	2016-03-01 14:56:50	\N
2689	2 taps 1 fountain	-27.559328	152.882232	2491	2016-03-01 14:56:50	\N
2690	2 taps 1 fountain	-27.566774	152.879124	2492	2016-03-01 14:56:50	\N
2691	Bubbler & 2 taps	-27.561486	152.872262	2493	2016-03-01 14:56:50	\N
2692	1 tap 1 fountain	-27.553178	152.902517	2494	2016-03-01 14:56:50	\N
2693		-27.520185	152.923224	2495	2016-03-01 14:56:50	\N
2694	Bubbler & Tap	-27.520122	152.923254	2495	2016-03-01 14:56:50	\N
2695	Bubbler & Tap	-27.495274	152.918422	2496	2016-03-01 14:56:50	\N
2696		-27.492886	152.910983	2497	2016-03-01 14:56:50	\N
2697	Bubbler & 2 taps	-27.492462	152.911480	2497	2016-03-01 14:56:50	\N
2698	Bubbler & Tap	-27.504742	152.914558	2498	2016-03-01 14:56:50	\N
2699	Bubbler & 2 taps	-27.505859	152.924996	2499	2016-03-01 14:56:50	\N
2700	Bubbler & 2 taps	-27.503731	152.930434	2499	2016-03-01 14:56:50	\N
2701	Bubbler & Tap	-27.499330	152.939640	2500	2016-03-01 14:56:50	\N
2702	Bubbler	-27.485201	152.939404	2501	2016-03-01 14:56:50	\N
2703	Bubbler & Tap	-27.495313	152.942092	2502	2016-03-01 14:56:50	\N
2704	Bubbler & 2 taps	-27.540450	152.795588	2503	2016-03-01 14:56:50	\N
2705	Bubbler & tap	-27.539250	152.796177	2503	2016-03-01 14:56:50	\N
2706	Bubbler & 2 taps	-27.540117	152.796246	2503	2016-03-01 14:56:50	\N
2707	Bubbler & Tap	-27.539359	152.796339	2503	2016-03-01 14:56:50	\N
2708	Bubbler & Tap	-27.543755	152.837249	2504	2016-03-01 14:56:50	\N
2709	Bubbler & Tap	-27.543666	152.838627	2504	2016-03-01 14:56:50	\N
2710	Bubbler & 2 taps	-27.543838	152.838636	2504	2016-03-01 14:56:50	\N
2711	Bubbler & 2 taps	-27.543586	152.839558	2504	2016-03-01 14:56:50	\N
2712	Bubbler & 2 taps	-27.540472	152.839857	2504	2016-03-01 14:56:50	\N
2713	Bubbler & 2 taps	-27.543153	152.839974	2504	2016-03-01 14:56:50	\N
2714	Bubbler, tap & dog bowl	-27.543776	152.840014	2504	2016-03-01 14:56:50	\N
2715	Bubbler & Tap	-27.543794	152.832073	2505	2016-03-01 14:56:50	\N
2716	Bubbler & 2 taps	-27.553409	152.818030	2506	2016-03-01 14:56:50	\N
2717	Bubbler & Tap	-27.538762	152.822136	2507	2016-03-01 14:56:50	\N
2718	Bubbler & Tap	-27.541410	152.824106	2507	2016-03-01 14:56:50	\N
2719	Bubbler & 2 taps	-27.511385	152.928050	2508	2016-03-01 14:56:50	\N
2720	Bubbler & Tap	-27.505700	152.933025	2509	2016-03-01 14:56:50	\N
2721	Bubbler & Tap	-27.513174	152.930782	2510	2016-03-01 14:56:50	\N
2722	Bubbler	-27.507689	152.938531	2511	2016-03-01 14:56:50	\N
2723	Bubbler & Tap	-27.522375	152.933987	2512	2016-03-01 14:56:50	\N
2724	Bubbler & Tap	-27.511257	152.943703	2513	2016-03-01 14:56:50	\N
2725	Bubbler & 2 taps	-27.517063	152.945888	2514	2016-03-01 14:56:50	\N
2726	Bubbler & 2 taps	-27.511170	152.951642	2515	2016-03-01 14:56:50	\N
2727	Bubbler & 2 taps	-27.514981	152.933161	2516	2016-03-01 14:56:50	\N
2728	Bubbler & 2 taps	-27.503562	152.918477	2517	2016-03-01 14:56:50	\N
2729	Bubbler & Tap	-27.504303	152.937956	2518	2016-03-01 14:56:50	\N
2730	Bubbler & Tap	-27.502835	152.925575	2519	2016-03-01 14:56:50	\N
2731	Bubbler & 2 taps	-27.503115	152.925909	2519	2016-03-01 14:56:50	\N
2732	Bubbler & Tap	-27.569072	152.885210	2520	2016-03-01 14:56:50	\N
2733	Disabled access fountain	-27.570840	152.872798	2269	2016-03-01 14:56:50	\N
2734	Disabled access fountain	-27.569856	152.873387	2269	2016-03-01 14:56:50	\N
2735	Bubbler	-27.566935	152.868133	2521	2016-03-01 14:56:50	\N
2736	Bubbler	-27.573328	152.869250	2522	2016-03-01 14:56:50	\N
2737	Bubbler & 2 taps	-27.524141	152.817967	2523	2016-03-01 14:56:50	\N
2738	Bubbler & Tap	-27.439089	152.985672	2524	2016-03-01 14:56:50	\N
2739	Bubbler & 2 taps	-27.439414	152.985834	2524	2016-03-01 14:56:50	\N
2740	Bubbler & 2 taps	-27.439225	152.987767	2524	2016-03-01 14:56:50	\N
2741	Bubbler	-27.440794	152.973590	2525	2016-03-01 14:56:50	\N
2742	Bubbler & 2 taps	-27.440676	152.974703	2525	2016-03-01 14:56:50	\N
2743	Drinking Fountain	-27.445265	152.991864	2526	2016-03-01 14:56:50	\N
2744	Bubbler & Tap	-27.438043	152.997663	2527	2016-03-01 14:56:50	\N
2745	Bubbler & 2 taps	-27.443288	153.001902	2528	2016-03-01 14:56:50	\N
2746	Bubbler & 2 taps	-27.439252	152.999929	2529	2016-03-01 14:56:50	\N
2747	Bubbler & Tap	-27.451772	152.973253	2530	2016-03-01 14:56:50	\N
2748	Bubbler & 2 taps	-27.451456	152.973972	2530	2016-03-01 14:56:50	\N
2749	Bubbler & 2 taps	-27.452377	152.974204	2530	2016-03-01 14:56:50	\N
2750	Drinking Fountain	-27.449414	152.967384	2531	2016-03-01 14:56:50	\N
2751	Bubbler & Tap	-27.443657	152.987382	2532	2016-03-01 14:56:50	\N
2752	Bubbler & 2 taps	-27.449985	152.976279	2533	2016-03-01 14:56:50	\N
2753	Bubbler & 2 taps	-27.443890	152.974318	2534	2016-03-01 14:56:50	\N
2754	Bubbler & Tap	-27.443611	152.974915	2534	2016-03-01 14:56:50	\N
2755	Bubbler & Tap	-27.457740	152.976399	2535	2016-03-01 14:56:50	\N
2756	Bubbler & Tap	-27.457749	152.976399	2535	2016-03-01 14:56:50	\N
2757	Bubbler & 2 taps	-27.456855	152.976622	2535	2016-03-01 14:56:50	\N
2758	Bubbler & 2 taps	-27.458968	152.977775	2535	2016-03-01 14:56:50	\N
2759	Bubbler & Tap	-27.457063	152.977958	2535	2016-03-01 14:56:50	\N
2760	Bubbler & Tap	-27.459004	152.978059	2535	2016-03-01 14:56:50	\N
2761	Bubbler & Tap	-27.459004	152.978059	2535	2016-03-01 14:56:50	\N
2762	Bubbler & Tap	-27.452152	152.981319	2536	2016-03-01 14:56:50	\N
2763	Bubbler & 2 taps	-27.451538	152.980843	2537	2016-03-01 14:56:50	\N
2764	Bubbler & 2 taps	-27.451231	152.981390	2537	2016-03-01 14:56:50	\N
2765		-27.441770	152.926719	2538	2016-03-01 14:56:50	\N
2766	Bubbler & Tap	-27.444380	153.002803	2539	2016-03-01 14:56:50	\N
2767	Bubbler, tap & dog bowl	-27.449364	152.997146	2540	2016-03-01 14:56:50	\N
2768	Bubbler & Tap	-27.449093	152.997349	2540	2016-03-01 14:56:50	\N
2769	Diabled access Bubbler	-27.448822	152.998937	2541	2016-03-01 14:56:50	\N
2770	Bubbler - Disabled Access	-27.449409	152.999180	2541	2016-03-01 14:56:50	\N
2771	Bubbler & 2 taps	-27.449003	152.999150	2541	2016-03-01 14:56:50	\N
2772	Bubbler & 2 taps	-27.449716	152.999221	2541	2016-03-01 14:56:50	\N
2773	Bubbler, tap & dog bowl	-27.452055	152.952416	2542	2016-03-01 14:56:50	\N
2774	Bubbler & 2 taps	-27.451712	152.952862	2542	2016-03-01 14:56:50	\N
2775	Bubbler & Tap	-27.451631	152.953216	2542	2016-03-01 14:56:50	\N
2776	Bubbler & 2 taps	-27.448760	152.953764	2543	2016-03-01 14:56:50	\N
2777	Bubbler & 2 taps	-27.448254	152.930954	2544	2016-03-01 14:56:50	\N
2778	Bubbler & Tap	-27.449749	152.941367	2544	2016-03-01 14:56:50	\N
2779	Bubbler & Tap	-27.445709	152.954028	2545	2016-03-01 14:56:50	\N
2780	Bubbler & Tap	-27.444680	152.954109	2545	2016-03-01 14:56:50	\N
2781	Bubbler & Tap	-27.444887	152.954271	2545	2016-03-01 14:56:50	\N
2782	Bubbler & Tap	-27.444852	152.955131	2545	2016-03-01 14:56:50	\N
2783	Bubbler & Tap	-27.445790	152.955131	2545	2016-03-01 14:56:50	\N
2784	Bubbler, tap & dog bowl	-27.439696	152.931962	2546	2016-03-01 14:56:50	\N
2785	Bubbler & Tap	-27.439958	152.932265	2546	2016-03-01 14:56:50	\N
2786	Bubbler & 2 taps	-27.439805	152.932832	2546	2016-03-01 14:56:50	\N
2787	Bubbler & 2 taps	-27.438858	152.934229	2546	2016-03-01 14:56:50	\N
2788	Bubbler & Tap	-27.439156	152.934704	2546	2016-03-01 14:56:50	\N
2789	Bubbler & 2 taps	-27.436515	152.945846	2547	2016-03-01 14:56:50	\N
2790	Bubbler & Tap	-27.431982	152.941963	2548	2016-03-01 14:56:50	\N
2791	Bubbler & Tap	-27.447949	152.959168	2549	2016-03-01 14:56:50	\N
2792	Bubbler & Tap	-27.450062	152.935244	2550	2016-03-01 14:56:50	\N
2793	Bubbler & 2 taps	-27.432278	152.938907	2551	2016-03-01 14:56:50	\N
2794	Bubbler & Tap	-27.432984	152.941730	2552	2016-03-01 14:56:50	\N
2795	Bubbler & 2 taps	-27.478985	152.997277	2553	2016-03-01 14:56:50	\N
2796	Bubbler	-27.483056	152.996690	2554	2016-03-01 14:56:50	\N
2797	Bubbler & Tap	-27.481187	152.997540	2554	2016-03-01 14:56:50	\N
2798	Bubbler & 2 taps	-27.474841	152.998745	2555	2016-03-01 14:56:50	\N
2799	Bubbler & Tap	-27.466191	152.989191	2556	2016-03-01 14:56:50	\N
2800	Bubbler & Tap	-27.465578	152.989646	2556	2016-03-01 14:56:50	\N
2801	Bubbler & 2 taps	-27.467003	152.982915	2557	2016-03-01 14:56:50	\N
2802	Drinking Fountain - Victorian	-27.462445	153.014604	2558	2016-03-01 14:56:50	\N
2803	Bubbler & Tap	-27.462445	153.014604	2558	2016-03-01 14:56:50	\N
2804	Bubbler & Tap	-27.462408	153.014746	2558	2016-03-01 14:56:50	\N
2805	Bubbler & Tap	-27.461785	153.014837	2558	2016-03-01 14:56:50	\N
2806	Bubbler & 2 taps	-27.467058	153.015000	2559	2016-03-01 14:56:50	\N
2807	Bubbler & 2 taps	-27.466326	153.015415	2559	2016-03-01 14:56:50	\N
2808	Bubbler	-27.444091	153.005748	2560	2016-03-01 14:56:50	\N
2809	Bubbler, tap & dog bowl	-27.443622	153.006304	2560	2016-03-01 14:56:50	\N
2810	Bubbler	-27.453606	153.011385	2561	2016-03-01 14:56:50	\N
2811		-27.470652	153.001073	2562	2016-03-01 14:56:50	\N
2812	Bubbler & Tap	-27.470661	153.001053	2562	2016-03-01 14:56:50	\N
2813	Bubbler, tap & dog bowl	-27.471257	153.001103	2562	2016-03-01 14:56:50	\N
2814	cone type	-27.470697	153.004211	2563	2016-03-01 14:56:50	\N
2815	Diabled access Bubbler	-27.462508	153.005263	2564	2016-03-01 14:56:50	\N
2816	Drinking Fountain	-27.484820	152.958851	2565	2016-03-01 14:56:50	\N
2817	Drinking Fountain	-27.467859	152.969727	2565	2016-03-01 14:56:50	\N
2818	Bubbler & Tap	-27.478641	152.928992	2565	2016-03-01 14:56:50	\N
2819	Bubbler & 2 taps	-27.469935	152.941619	2565	2016-03-01 14:56:50	\N
2820	Bubbler & Tap	-27.468032	152.944312	2565	2016-03-01 14:56:50	\N
2821	Bubbler & Tap	-27.468005	152.944707	2565	2016-03-01 14:56:50	\N
2822	Bubbler & 2 taps	-27.493410	152.945231	2565	2016-03-01 14:56:50	\N
2823	Bubbler & 2 taps	-27.474731	152.945757	2565	2016-03-01 14:56:50	\N
2824	Bubbler & Tap	-27.467061	152.957298	2565	2016-03-01 14:56:50	\N
2825	Bubbler & Tap	-27.467513	152.957400	2565	2016-03-01 14:56:50	\N
2826	Bubbler & Tap	-27.467576	152.958229	2565	2016-03-01 14:56:50	\N
2827	Bubbler & Tap	-27.466393	152.958341	2565	2016-03-01 14:56:50	\N
2828	Bubbler & Tap	-27.466980	152.958523	2565	2016-03-01 14:56:50	\N
2829	Bubbler & Tap	-27.466628	152.958766	2565	2016-03-01 14:56:50	\N
2830	Bubbler & Tap	-27.466348	152.958787	2565	2016-03-01 14:56:50	\N
2831	Bubbler & Tap	-27.465951	152.958918	2565	2016-03-01 14:56:50	\N
2832	Bubbler & Tap	-27.482048	152.959975	2565	2016-03-01 14:56:50	\N
2833	Bubbler & Tap	-27.481173	152.960168	2565	2016-03-01 14:56:50	\N
2834	Bubbler & Tap	-27.479720	152.961484	2565	2016-03-01 14:56:50	\N
2835	Bubbler & Tap	-27.465826	152.962886	2565	2016-03-01 14:56:50	\N
2836	Bubbler & Tap	-27.479169	152.962881	2565	2016-03-01 14:56:50	\N
2837	Bubbler & Tap	-27.476976	152.963398	2565	2016-03-01 14:56:50	\N
2838	Bubbler & 2 taps	-27.474836	152.964047	2565	2016-03-01 14:56:50	\N
2839	Bubbler & Tap	-27.466178	152.964242	2565	2016-03-01 14:56:50	\N
2840	Bubbler & Tap	-27.466142	152.964768	2565	2016-03-01 14:56:50	\N
2841	Bubbler & Tap	-27.474241	152.965434	2565	2016-03-01 14:56:50	\N
2842	Bubbler & Tap	-27.474114	152.965707	2565	2016-03-01 14:56:50	\N
2843	Bubbler & Tap	-27.489264	152.967342	2565	2016-03-01 14:56:50	\N
2844	Bubbler & Tap	-27.466640	152.967966	2565	2016-03-01 14:56:50	\N
2845	Bubbler & Tap	-27.473022	152.968329	2565	2016-03-01 14:56:50	\N
2846	Bubbler & Tap	-27.471524	152.970688	2565	2016-03-01 14:56:50	\N
2847	Bubbler & Tap	-27.471949	152.970971	2565	2016-03-01 14:56:50	\N
2848	Drinking Fountain	-27.462048	153.010303	2566	2016-03-01 14:56:50	\N
2849	Bubbler & Tap	-27.462075	153.009999	2566	2016-03-01 14:56:50	\N
2850	Bubbler & Tap	-27.462346	153.010151	2566	2016-03-01 14:56:50	\N
2851	Bubbler & 2 taps	-27.462309	153.010556	2566	2016-03-01 14:56:50	\N
2852	Bubbler & 2 taps	-27.462580	153.010839	2566	2016-03-01 14:56:50	\N
2853	Bubbler & Tap	-27.466210	152.999049	2567	2016-03-01 14:56:50	\N
2854	Bubbler & 2 taps	-27.458500	153.000557	2568	2016-03-01 14:56:50	\N
2855	Drinking Fountain	-27.458545	152.994555	2569	2016-03-01 14:56:50	\N
2856	Bubbler & Tap	-27.459592	153.010870	2570	2016-03-01 14:56:50	\N
2857	Bubbler & 2 taps	-27.465316	152.992612	2571	2016-03-01 14:56:50	\N
2858	Bubbler & Tap	-27.446818	153.000840	2572	2016-03-01 14:56:50	\N
2859	Bubbler & 2 taps	-27.488391	152.985078	2573	2016-03-01 14:56:50	\N
2860	Disabled Access Drinking Fountain	-27.480012	152.981071	2574	2016-03-01 14:56:50	\N
2861	Bubbler 2 taps & dog bowl	-27.480499	152.976860	2574	2016-03-01 14:56:50	\N
2862	Bubbler, tap & dog bowl	-27.480292	152.977063	2574	2016-03-01 14:56:50	\N
2863	Bubbler 2 taps & dog bowl	-27.479913	152.977255	2574	2016-03-01 14:56:50	\N
2864	Bubbler & Tap	-27.479173	152.979583	2574	2016-03-01 14:56:50	\N
2865	Bubbler & 2 taps	-27.480527	152.981982	2574	2016-03-01 14:56:50	\N
2866	Bubbler & 2 taps	-27.479742	152.982124	2574	2016-03-01 14:56:50	\N
2867	Bubbler & Tap	-27.480636	152.992064	2575	2016-03-01 14:56:50	\N
2868	Bubbler & Tap	-27.481241	152.993927	2575	2016-03-01 14:56:50	\N
2869	Bubbler & 2 taps	-27.477964	152.995556	2575	2016-03-01 14:56:50	\N
2870	Bubbler & 2 taps	-27.486756	152.977081	2576	2016-03-01 14:56:50	\N
2871	Drinking Fountain	-27.477267	152.973085	2577	2016-03-01 14:56:50	\N
2872	Drinking Fountain	-27.477827	152.974411	2577	2016-03-01 14:56:50	\N
2873	Bubbler	-27.476843	152.975869	2577	2016-03-01 14:56:50	\N
2874	Bubbler	-27.477872	152.976031	2577	2016-03-01 14:56:50	\N
2875	Bubbler	-27.477213	152.976041	2577	2016-03-01 14:56:50	\N
2876	Bubbler	-27.476003	152.976578	2577	2016-03-01 14:56:50	\N
2877	Bubbler	-27.477231	152.976679	2577	2016-03-01 14:56:50	\N
2878	Bubbler	-27.476599	152.976719	2577	2016-03-01 14:56:50	\N
2879	Bubbler	-27.475534	152.976770	2577	2016-03-01 14:56:50	\N
2880	Bubbler	-27.477249	152.977296	2577	2016-03-01 14:56:50	\N
2881	Bubbler - Disabled Access	-27.476717	152.978248	2577	2016-03-01 14:56:50	\N
2882	Bubbler	-27.475949	152.978308	2577	2016-03-01 14:56:50	\N
2883	Bubbler	-27.476699	152.978885	2577	2016-03-01 14:56:50	\N
2884	Bubbler & tap	-27.475091	152.976264	2577	2016-03-01 14:56:50	\N
2885	Bubbler & Tap	-27.479234	152.969744	2577	2016-03-01 14:56:50	\N
2886	Bubbler & 2 taps	-27.480363	152.970139	2577	2016-03-01 14:56:50	\N
2887	Bubbler & Tap	-27.480002	152.970281	2577	2016-03-01 14:56:50	\N
2888	Bubbler & Tap	-27.479261	152.970929	2577	2016-03-01 14:56:50	\N
2889	Bubbler & Tap	-27.479442	152.971283	2577	2016-03-01 14:56:50	\N
2890	Bubbler & Tap	-27.478521	152.971445	2577	2016-03-01 14:56:50	\N
2891	Bubbler & Tap	-27.477989	152.972022	2577	2016-03-01 14:56:50	\N
2892	Bubbler & Tap	-27.479298	152.972275	2577	2016-03-01 14:56:50	\N
2893	Bubbler & Tap	-27.476319	152.973541	2577	2016-03-01 14:56:50	\N
2894	Bubbler & Tap	-27.477628	152.974107	2577	2016-03-01 14:56:50	\N
2895	Bubbler & Tap	-27.478540	152.974917	2577	2016-03-01 14:56:50	\N
2896	Bubbler & Tap	-27.474441	152.976234	2577	2016-03-01 14:56:50	\N
2897	Bubbler & Tap	-27.476067	152.977397	2577	2016-03-01 14:56:50	\N
2898	Bubbler & Tap	-27.475931	152.977914	2577	2016-03-01 14:56:50	\N
2899	Bubbler & Tap	-27.476283	152.978167	2577	2016-03-01 14:56:50	\N
2900	Bubbler & Tap	-27.475372	152.978825	2577	2016-03-01 14:56:50	\N
2901	Bubbler & Tap	-27.476257	152.979645	2577	2016-03-01 14:56:50	\N
2902	Bubbler & Tap	-27.510393	152.951531	2578	2016-03-01 14:56:50	\N
2903	Bubbler & Tap	-27.514113	152.950516	2579	2016-03-01 14:56:50	\N
2904	Bubbler & Tap	-27.514338	152.951073	2579	2016-03-01 14:56:50	\N
2905	Bubbler & Tap	-27.514457	152.953331	2579	2016-03-01 14:56:50	\N
2906	Bubbler & Tap	-27.516037	152.953786	2579	2016-03-01 14:56:50	\N
2907	Bubbler & Tap	-27.515576	152.953867	2579	2016-03-01 14:56:50	\N
2908	Bubbler & 2 taps	-27.506830	152.960726	2580	2016-03-01 14:56:50	\N
2909	Bubbler & Tap	-27.502412	152.948436	2581	2016-03-01 14:56:50	\N
2910	Bubbler & Tap	-27.492806	152.948036	2582	2016-03-01 14:56:50	\N
2911	Bubbler & Tap	-27.496574	152.959646	2583	2016-03-01 14:56:50	\N
2912	Bubbler & 2 taps	-27.516914	152.958494	2584	2016-03-01 14:56:50	\N
2913	Bubbler & 2 taps	-27.539441	152.966852	2585	2016-03-01 14:56:50	\N
2914	Bubbler & 2 taps	-27.541039	152.967985	2585	2016-03-01 14:56:50	\N
2915	Bubbler & 2 taps	-27.538168	152.968908	2585	2016-03-01 14:56:50	\N
2916	Bubbler & Tap	-27.542502	152.972026	2586	2016-03-01 14:56:50	\N
2917	Bubbler & 2 taps	-27.542475	152.972695	2586	2016-03-01 14:56:50	\N
2918	Bubbler, tap & dog bowl	-27.539350	152.965221	2587	2016-03-01 14:56:50	\N
2919	Bubbler & 2 taps	-27.499701	152.973940	2588	2016-03-01 14:56:50	\N
2920	Bubbler & Tap	-27.499720	152.974720	2588	2016-03-01 14:56:50	\N
2921	Bubbler & Tap	-27.499665	152.974740	2588	2016-03-01 14:56:50	\N
2922	Bubbler & Tap	-27.515975	152.958910	2589	2016-03-01 14:56:50	\N
2923	Bubbler & 2 taps	-27.502764	152.990017	2590	2016-03-01 14:56:50	\N
2924	Bubbler & 2 taps	-27.502421	152.990169	2590	2016-03-01 14:56:50	\N
2925	2 taps 1 fountain	-27.509923	152.985906	2591	2016-03-01 14:56:50	\N
2926	Bubbler & 2 taps	-27.502853	152.981108	2592	2016-03-01 14:56:50	\N
2927	Bubbler & 2 taps	-27.499603	152.982111	2593	2016-03-01 14:56:50	\N
2928	Bubbler & Tap	-27.497542	152.964556	2594	2016-03-01 14:56:50	\N
2929	Bubbler & 2 taps	-27.498616	152.964869	2594	2016-03-01 14:56:50	\N
2930	Bubbler & 2 taps	-27.498056	152.965609	2594	2016-03-01 14:56:50	\N
2931	Bubbler & Tap	-27.493339	153.000709	2595	2016-03-01 14:56:50	\N
2932	Bubbler & 2 taps	-27.493330	153.001306	2595	2016-03-01 14:56:50	\N
2933	Bubbler & Tap	-27.492761	153.001711	2595	2016-03-01 14:56:50	\N
2934	Bubbler	-27.498945	153.008342	2596	2016-03-01 14:56:50	\N
2935	Bubbler & Tap	-27.497907	152.999140	2597	2016-03-01 14:56:50	\N
2936	Bubbler & Tap	-27.505906	153.000952	2598	2016-03-01 14:56:50	\N
2937	Bubbler & Tap	-27.493239	152.991749	2599	2016-03-01 14:56:50	\N
2938	Bubbler & Tap	-27.493899	152.992650	2599	2016-03-01 14:56:50	\N
2939	Bubbler & Tap	-27.501798	152.991263	2600	2016-03-01 14:56:50	\N
2940	Bubbler & Tap	-27.491008	152.979996	2601	2016-03-01 14:56:50	\N
2941	Bubbler & 2 taps	-27.491081	152.987386	2602	2016-03-01 14:56:50	\N
2942	Bubbler	-27.491235	152.990575	2603	2016-03-01 14:56:50	\N
2943	Disabled Access Drinking Fountain	-27.491317	152.991952	2603	2016-03-01 14:56:50	\N
2944	Bubbler & Tap	-27.491308	152.991942	2603	2016-03-01 14:56:50	\N
2945	Bubbler & 2 taps	-27.491939	152.992073	2603	2016-03-01 14:56:50	\N
\.


--
-- TOC entry 2262 (class 0 OID 0)
-- Dependencies: 191
-- Name: bubblers_id_seq; Type: SEQUENCE SET; Schema: public; Owner: postgres
--

SELECT pg_catalog.setval('bubblers_id_seq', 2945, true);


--
-- TOC entry 2243 (class 0 OID 16558)
-- Dependencies: 194
-- Data for Name: comments; Type: TABLE DATA; Schema: public; Owner: postgres
--

COPY comments (id, text, user_id, bubbler_id, created_at, updated_at) FROM stdin;
2	first comment	4	1474	2016-03-08 17:34:20	\N
5	EeULfH1eWxIpc6u	4	1474	\N	\N
6	OqBOPHfE0K4c5Yw	4	1474	\N	\N
7	JqPU3OowRbPCEng	4	1474	\N	\N
8	pfdNheSG2xQMqjH	4	1474	\N	\N
9	5zE2I50AsvTPreK	4	1474	\N	\N
10	xs7QYwTbFRw7syS	4	1474	\N	\N
11	YPS3IrcVtL46wAC	4	1474	\N	\N
12	2pdJboCFqcNWMmb	4	1474	\N	\N
13	IHl8o6bPL1Jffp4	4	1474	\N	\N
14	qtuYDEoNe6AtIwy	4	1474	\N	\N
15	O023BoJsbZV5NrC	4	1474	\N	\N
16	Lz6Hw3hqssN4EDy	4	1474	\N	\N
17	Kc6pO4OipFr1yUD	4	1474	\N	\N
18	2Vw1oG3PhnX9hy6	4	1474	\N	\N
19	Z10aJQdTDrunEDQ	4	1474	\N	\N
20	lcecjjCE9tEniOi	4	1474	\N	\N
21	wDTlelKTkZExsQB	4	1474	\N	\N
22	H3LUzZJ3SGq1052	4	1474	\N	\N
23	w4NuI53z42n1vA2	4	1474	\N	\N
24	bhQtf6gmJrJq2ju	4	1474	\N	\N
25	REoIgr1D9mrLTys	4	1474	\N	\N
26	mT2SX6QZ0p3pFMh	4	1474	\N	\N
27	patlMdpnKaFaNyL	4	1474	\N	\N
28	qBO7lQWeER1a9KV	4	1474	\N	\N
29	I8eJYUOyPyFBNGC	4	1474	\N	\N
30	sCfC4vpMy6XrZSc	4	1474	\N	\N
31	3yqJqZykDOMCkH7	4	1474	\N	\N
32	5223OeuaGjm3e6B	4	1474	\N	\N
33	lXFMKCN4tse7bpF	4	1474	\N	\N
34	kGhYlmjZid1plGt	4	1474	\N	\N
35	mgaYhTkXT1SndDc	4	1474	\N	\N
36	Dja08Vd94edRgo2	4	1474	\N	\N
37	olDHKm9xkJV2jRp	4	1474	\N	\N
38	JXEIGCB6ejAuUFT	4	1474	\N	\N
39	7cKi4qeamwSObPc	4	1474	\N	\N
40	ostLu9X6EBtvNFx	4	1474	\N	\N
41	2ud6E41sSo67lw9	4	1474	\N	\N
42	ud9uYcC13PXbiYs	4	1474	\N	\N
\.


--
-- TOC entry 2263 (class 0 OID 0)
-- Dependencies: 193
-- Name: comments_id_seq; Type: SEQUENCE SET; Schema: public; Owner: postgres
--

SELECT pg_catalog.setval('comments_id_seq', 42, true);


--
-- TOC entry 2232 (class 0 OID 16495)
-- Dependencies: 183
-- Data for Name: migrations; Type: TABLE DATA; Schema: public; Owner: postgres
--

COPY migrations (migration, batch) FROM stdin;
2014_10_12_000000_create_users_table	1
2014_10_12_100000_create_password_resets_table	1
2016_02_26_024837_create_suburbs_table	1
2016_02_26_024843_create_parks_table	1
2016_02_26_025653_create_bubblers_table	1
2016_02_26_025746_create_comments_table	1
2016_02_26_025751_create_ratings_table	1
\.


--
-- TOC entry 2239 (class 0 OID 16529)
-- Dependencies: 190
-- Data for Name: parks; Type: TABLE DATA; Schema: public; Owner: postgres
--

COPY parks (id, name, code, suburb_id) FROM stdin;
1894	Bowen Park	D0087	18
1895	Jeays Street Park	D1984	18
1896	Fountain Reserve	D0077	22
1897	Anzac Square	D0082	22
1898	King Edward Park	D0092	22
1899	Emma Miller Place	D0094	22
1900	City Botanic Gardens	D0096	22
1901	King George Square	D0099	22
1902	Clark Lane Park	D0101	22
1903	Post Office Square	D0792	22
1904	Admiralty Towers 11 Park	D1784	22
1905	Victoria Park	D0083	70
1906	Gould Road Park	D0103	70
1907	E. E. Mccaskie Oval	D0175	82
1908	Kundu Park	D2068	82
1909	Maidstone Street Park	D2472	82
1910	Grey Gums Park	D2996	82
1911	Merthyr Park	D0080	106
1912	Wilson Outlook Reserve	D0089	106
1913	New Farm Park	D0095	106
1914	Powerhouse Park	D1535	106
1915	Merthyr Road Park	D1948	106
1916	Merthyr Road Park (No.2)	D1974	106
1917	Mccook Park	D0487	107
1918	Wilston Recreation Reserve	D0493	107
1919	Teneriffe Park	D0078	108
1920	Catalina Park	D1946	108
1921	Wickham Park	D0071	131
1922	Terrace Street Park	D0081	131
1923	Centenary Place Park	D0076	147
1924	Kemp Place Park (Road Reserve)	D0871	147
1925	Langley Avenue Park	D0486	155
1926	Downey Park	D0492	155
1927	Hinkler Park	D0497	156
1928	Windsor Memorial Park	D0506	156
1929	Northey Street Park	D1137	156
1930	Wembley Park	D0109	41
1931	Langlands Park	D0117	41
1932	The Common Park	D0363	41
1933	Dutton Park	D0355	48
1934	Gair Park	D0356	48
1935	Woolloongabba Rotary Park	D0360	49
1936	Williamina Park	D0365	49
1937	Mowbray Park	D0366	49
1938	Real Park	D0367	49
1939	Turbo Drive Park	D1519	49
1940	Lyons Playground Park	D0345	71
1941	Highgate Hill Park	D0354	71
1942	Brydon Street Park	D2103	71
1943	Captain Burke Park	D0075	78
1944	C.t.white Park	D0090	78
1945	Raymond Park	D0097	78
1946	Kangaroo Point Cliffs Park	D0680	78
1947	Jolly Place Park	D0348	130
1948	Musgrave Park	D0350	130
1949	Tribune Street Park	D0353	130
1950	Kurilpa Point Park	D1263	130
1951	Queensland Maritime Museum Park	D1413	130
1952	Orleigh Park	D0346	152
1953	Davies Park	D0347	152
1954	Woolloongabba Place Park	D0362	158
1955	Faversham Street Park	D1048	158
1956	Carl Street Park	D3533	158
1957	Whites Hill Reserve	D0056	26
1958	Tingalpa Creek Reserve	D0065	28
1959	Olivia Drive Park	D0867	30
1960	Carindale Rec Reserve	D0723	31
1961	Surbiton Court Park	D0856	31
1962	Bridgnorth Street Park (No.71)	D0862	31
1963	Breene Court Park	D0863	31
1964	Meadowbank Street Park	D0879	31
1965	Winstanley Street Park	D0880	31
1966	Anna Smith Obe Quota Park	D0911	31
1967	Ken Madsen Place	D0961	31
1968	Greendale Park	D1237	31
1969	Edwards Park	D1248	31
1970	Golden Oak Crescent Park	D1417	31
1971	Newbury Place Park	D1452	31
1972	Grandview Place Park	D1615	31
1973	Cribb Road Park	D1638	31
1974	Taylor Place Park	D3121	90
1975	Tones Road Park	D0599	93
1976	Tillack Park	D0661	93
1977	Pinnacle Place Park	D1227	16
1978	Iona Close Park	D1238	16
1979	Summit Street Park	D1865	16
1980	Southgate Avenue Park	D1934	27
1981	Joe Bradfield Centre Park	D0062	29
1982	Belmont Recreation Reserve	D0067	29
1983	Preston Road Park	D0597	29
1984	Rembrandt Street Park	D0908	29
1985	Ian Page Park	D1343	29
1986	Hemmant Recreation Reserve	D0031	68
1987	Pinnibar Street Park	D1752	68
1988	Denise Street Park (No.12)	D1327	92
1989	Murarrie Recreation Ground	D0051	105
1990	Colmslie Beach Reserve	D1763	105
1991	Carnarvon Way Park	D1815	105
1992	Moonie Avenue Park	D1838	105
1993	Calliope Circuit Park	D1931	105
1994	Wyandra Crescent Park	D2047	105
1995	Mingoola Park	D2993	105
1996	Kianawah Park	D0040	143
1997	Porter's Paddock Park	D0594	143
1998	Meadowlands Picnic Ground Park	D0640	143
1999	Bognor Street Park	D0895	143
2000	Robinson Park (Tingalpa)	D1268	143
2001	Monterey Circuit Park	D1269	143
2002	Macleay Crescent Park	D1325	143
2003	Coochin Place Park	D1548	143
2004	Torquay Crescent (No.1695) Park	D1619	143
2005	Manly Road Park (No.880)	D1582	150
2006	Phillips Place Park (Wakerley)	D1904	150
2007	Habitat Drive Park	D2232	150
2008	Arenga Street Park	D2995	150
2009	Eric Sivell Park	D0110	41
2010	Trundle Park	D0112	41
2011	Majestic Park	D0118	41
2012	Leicester Street Park	D0603	41
2013	Hanlon Park	D0357	64
2014	Thompson Estate Reserve	D0392	64
2015	Ekibin Park East	D0393	64
2016	C.b.mott Park	D0119	72
2017	W. J. Scott Park	D0121	72
2018	Glindemann Park	D0064	73
2019	Gibson Place Park	D0404	73
2020	Bulimba Memorial Park	D0030	24
2021	Vic Lucas Park	D0039	24
2022	Bulimba Riverside Park	D2672	24
2023	Lavarack Park	D0054	26
2024	Garth Webb Park	D0055	26
2025	Perth Street Park	D0113	26
2026	Regent Park	D0033	27
2027	Hardcastle Park	D0036	66
2028	Hawthorne Park	D0037	66
2029	Barton Road Pocket Park	D2312	66
2030	Colmslie Reserve	D0035	100
2031	Joyce White Park	D0044	100
2032	Thynne Road Park	D0732	100
2033	Fitzgerald Street Park	D1034	100
2034	Austin Uhlmann Park	D1149	100
2035	Algoori Street Park	D1611	100
2036	York Street Park	D1631	100
2037	Keralgerie Park	D1858	100
2038	Donaldson Street Park	D0045	109
2039	Wilson Park	D0046	109
2040	Vectis Street Park	D0050	109
2041	Pattison Park	D0063	109
2042	Holmead Park	D0624	50
2043	Boorala Crescent Park	D1036	50
2044	Maisie Dixon Park	D1144	50
2045	Brampton Street Park	D1251	50
2046	Holmead Road Park	D3118	50
2047	Panorama Place Park	D1097	72
2048	Broadwater Picnic Ground Park	D0434	93
2049	F.r.caterson Park	D3092	93
2050	Wardle Street Park	D1863	103
2051	Abbeville Street Park	D0432	146
2052	Mt Gravatt Park	D0556	146
2053	Boorabbin Picnic Ground	D0435	157
2054	Wishart Community Park	D0725	157
2055	Berkshire Crescent Park	D1777	157
2056	Wishart Nature Reserve	D1980	157
2057	Lota Camping Reserve	D0530	87
2058	Ed Devenport Rotary Park	D0532	87
2059	Herbert Street Park	D0536	87
2060	Fig Tree Point Park (Road Reserve)	D0996	87
2061	Lota Point Park (Road Reserve)	D1398	87
2062	Bayside Park	D0517	91
2063	George Clayton Park	D0518	91
2064	Little Bayside Park	D1412	91
2065	Darling Point Park (Road Reserve)	D1497	91
2066	Rqys Port Centre Park	D1553	91
2067	Stannard Road Park	D0528	92
2068	Heers Park	D0529	92
2069	Lewis Place Park	D1591	92
2070	Greene Park	D0002	160
2071	Kitchener Park	D0006	160
2072	Elanora Park	D0516	160
2073	Moreton Bay Lions Park	D0523	160
2074	Wynnum Memorial Park	D0524	160
2075	Wynnum Wading Pool Park	D0995	160
2076	Breakwater Park	D1246	160
2077	Primrose Park	D0003	161
2078	Kianawah Road Park (No.330)	D0658	161
2079	Evelyn Road Park	D1842	161
2080	Dasyure Place Park	D1909	161
2081	John Stewart Memorial Park	D0219	12
2082	Canterbury Park	D0660	12
2083	Bert Wolfe Park	D0781	12
2084	Kluver Street Lions Park	D0826	12
2085	Gus Davies Park	D1075	12
2086	Thomas Gray Park	D1084	12
2087	Tinchi Tamba Wetlands Reserve	D1252	12
2088	Mcpherson Park	D0635	19
2089	Ferguson Park (Bracken Ridge)	D0718	19
2090	C. Slaughter Park	D0779	19
2091	Isaac Best Park	D1023	19
2092	Wendy Turnbull Park	D1174	19
2093	Enbrook Parkland	D1260	19
2094	Barrett Street Park (Water Reserve)	D1394	19
2095	Travorten Drive Park	D2030	20
2096	Aspley Rest Park	D0217	33
2097	Philip Vaughan Park	D0735	33
2098	Chateau Street Park	D0741	33
2099	Nilkerie Street Park	D0799	33
2100	Bensara Place Park	D0817	33
2101	Matthew Gardiner Park	D0821	33
2102	Matisse Street Park	D1082	33
2103	Strawberry Farm Park	D1245	33
2104	Pat Rafter Park	D1576	33
2105	Cowie Road Park	D3015	33
2106	Bill Brown Sports Reserve	D0804	57
2107	Len Trezona Park	D0224	164
2108	Boondall Park	D0238	17
2109	Donna Philp Park	D0240	17
2110	Frank Sleeman Park	D0727	17
2111	Keppel Street Park	D0960	17
2112	Mulbeam Park	D1158	17
2113	Northumbria Road Park	D1470	17
2114	Brighton Park	D0274	21
2115	Decker Park	D0275	21
2116	Tenth Avenue Park	D0279	21
2117	Sandgate Third Lagoon Reserve	D0281	21
2118	Deagon Sportsground Park	D0283	44
2119	Stanley Park	D0291	44
2120	Sandgate Foreshores Park	D0276	126
2121	Sandgate Second Lagoon Reserve	D0284	126
2122	Sandgate Memorial Park	D0285	126
2123	Einbunpin Lagoon Park	D0292	126
2124	Curlew Park	D0643	126
2125	Moora Park	D0288	128
2126	Haywal Street Park	D1135	139
2127	Jagera Circuit Park	D1727	139
2128	Mungo Scott Park	D0008	164
2129	Victor Grenning Park	D0241	164
2130	Joseph Lee Park	D0242	164
2131	O Callaghan Park	D0243	164
2132	Lambert Mcbride Park	D1178	164
2133	Blue Gum Park	D1337	164
2134	Crosby Park	D0169	2
2135	Yowoggera  Park	D0170	2
2136	Ascot Park	D0166	8
2137	Oriel Park	D0172	8
2138	Mikado Street Park	D0836	8
2139	Perry Park	D0085	18
2140	Kalinga Park	D0463	39
2141	Hamilton Park	D0168	65
2142	Cameron Rocks Reserve	D0171	65
2143	Hercules Street Park	D0699	65
2144	The Beirne Park	D0019	69
2145	Newstead Park	D0084	108
2146	Pinkenba Memorial Place Park (Road Reserve)	D0992	118
2147	Eagle Farm Road Park	D1902	118
2148	Flynn Oval Park	D0502	156
2149	Mann Park	D0503	156
2150	Windsor Park	D0505	156
2151	Clark Park	D0507	156
2152	Melrose Park	D0512	159
2153	Grinstead Park	D0159	3
2154	Marchant Park	D0227	10
2155	Rainbow Lorikeet Park	D1437	10
2156	7th Brigade Park	D0228	36
2157	John Patterson Park	D0229	36
2158	Dead Man's Gully Park	D0964	36
2159	Huxtable Park	D0214	37
2160	Frederick Annand Park	D0216	37
2161	Bowden Park	D0244	60
2162	Kokoda Park	D0200	61
2163	Archer Street Park	D0201	61
2164	Lanham Park	D0498	63
2165	Grange Forest Park	D0499	63
2166	Emerson Park	D0500	63
2167	Halford Park	D0501	63
2168	Bradbury Park	D0230	81
2169	W. A. Jolly Park	D0020	88
2170	Bradshaw Park	D0509	88
2171	Keith Payne Park	D0024	133
2172	Hickey Park	D0203	133
2173	Gibson Park	D0204	133
2174	Father Jack Madden Place Park	D0941	133
2175	Broula Park	D0210	134
2176	Aldren Street Park	D0212	134
2177	Webster Road Park	D1689	134
2178	Stonycroft Street Park	D0774	10
2179	Ironwood Street Park	D0795	10
2180	Hawera Crescent Park	D0820	10
2181	Ben Lomond Street Park	D0823	10
2182	Albany Creek Road Park (No.151)	D1709	10
2183	Flametree Street Park	D0750	20
2184	Wendon Way Park	D0798	20
2185	Coolabah Crescent Park	D1258	20
2186	Goldberg Place Park	D1281	20
2187	Clarrie Beckingham Reserve	D1309	20
2188	Tallowwood Place Park	D1328	20
2189	Darien Street Park (No.29)	D1757	20
2190	Melaleuca Green Park	D0213	37
2191	Raven Street Reserve	D0616	37
2192	Kenna Street Park	D0662	37
2193	Martindale Street Park	D1186	37
2194	Hamilton Road Quarry Park	D1854	37
2195	Teralba Park	D0208	53
2196	Brook Street Park	D0633	53
2197	Soames Street Park	D0948	53
2198	Malaga Street Park	D2127	53
2199	Bisset Place Park	D0982	94
2200	Gum Nut Nook	D1019	94
2201	Chermside Hills Reserve	D1109	94
2202	Beckett Road Park	D1132	94
2203	Speilberg Street Park	D1330	94
2204	Streisand Drive Park	D1768	94
2205	Sunset Place Park	D2083	94
2206	Mcleod Court Park	D2554	94
2207	Keong Park	D0013	133
2208	Roy Harvey Park	D0205	133
2209	Boles Street Park	D0206	133
2210	Shand Street Park (No.100)	D1651	133
2211	Flockton Street Park	D0684	134
2212	Sedgemoor Street Park	D0702	134
2213	Grey Gum Park	D0739	134
2214	Banyo Memorial Park	D0444	13
2215	Hilltop Place Park	D1817	13
2216	Patonga Street Park	D3013	13
2217	Burnie Brae Park	D0231	36
2218	Mercer Park	D0247	81
2219	Benelong Park	D0577	81
2220	Nicholson Place Park	D0447	110
2221	Northgate Reserve	D0452	110
2222	Plaisted Place Park	D0456	110
2223	Progress Park	D0457	110
2224	Nudgee Waterhole Reserve	D0448	111
2225	Alexander Macpherson Park	D2054	111
2226	Redway Street Park	D2150	111
2227	Nudgee Beach Reserve	D0438	112
2228	Boondall Wetlands	D1108	112
2229	Tuckeroo Park	D1264	112
2230	Boyd Park	D0449	113
2231	Carew Street Park	D0451	113
2232	Ross Park	D0460	113
2233	Toombul Terrace Park	D0461	113
2234	Albert Bishop Park	D0464	113
2235	Wood Street Park (Road Reserve)	D0924	113
2236	A.r.c.hill Park	D0696	148
2237	West Place Park	D1550	148
2238	Rilatt Park	D0016	151
2239	Bristol Park	D0232	151
2240	Belloy Street Park	D0234	151
2241	Studley Park	D0235	151
2242	Frank Roberts Park	D0236	151
2243	Shaw Estate Park	D0245	151
2244	Turquoise Place Park	D1512	151
2245	Cyril Sims Park	D0782	25
2246	Caravonica Court Park	D0790	25
2247	Eden Elm Street Park	D1068	25
2248	Honeysuckle Way Park	D1234	25
2249	Gowan Road Park	D1242	25
2250	Currajong Street Park	D1347	25
2251	Borage Place Park	D1750	25
2252	Karawatha Forest South	D1874	46
2253	Muscari Crescent Park	D1940	46
2254	Lapford Park	D2912	46
2255	Karawatha Forest Park	D1247	80
2256	Williams Park	D0672	124
2257	Grove Park	D0802	124
2258	Gorman Crinnen Park	D0839	124
2259	Shirley Sester Park	D0845	124
2260	Byron Street Park	D0932	124
2261	Lexus Street Park	D1207	124
2262	Glenefer Street Park	D1208	124
2263	Maynard Place Park	D1465	124
2264	Presidential Park	D1013	135
2265	Regency Place Park (No.16)	D1073	135
2266	Stretton Community Park	D1120	135
2267	Hawthorn Avenue Park	D2125	135
2268	Stretton Wetland Reserve	D3652	135
2269	Westaway Park	D0687	137
2270	Jack Pyle Park	D0753	137
2271	Bendell Park	D0767	137
2272	Honeywood Street Park	D0776	137
2273	Peppercorn Street Park	D0797	137
2274	Falstaff Street Park	D0819	137
2275	Paterson Park	D0822	137
2276	Borella Road Park	D0830	137
2277	Booral Street Park	D0876	137
2278	Holden Park	D0913	137
2279	Symons Road Park	D1032	137
2280	Gibbins Street Park	D1091	137
2281	Robert Mitchell Park	D1165	137
2282	Lynelle Street Park (Lot 300)	D1185	137
2283	The Avenue Park	D1200	137
2284	Benbek Circuit Park	D1299	137
2285	Coventry Place Park	D1830	137
2286	Priestdale Road Park (No.2596)	D0632	50
2287	Summerglen Park	D0742	50
2288	Norup Park	D0775	50
2289	Gagarra Street Park	D0785	50
2290	Allara Place Park	D1148	50
2291	Dewberry Close Park	D1184	50
2292	Jacaranda Place Park	D1212	50
2293	Buckingham Place Park	D1961	50
2294	Kaohsiung Park	D2077	50
2295	Wally Tate Park	D0685	86
2296	King Street Park	D1523	86
2297	Svoboda Park	D1551	86
2298	Whipbird Park	D0558	89
2299	D.m.henderson Park	D0559	89
2300	Delfin Street Park	D1087	89
2301	Western Outlook Park	D0724	122
2302	Dew Street Park	D0666	124
2303	Hollyman Park	D0810	124
2304	Jagera Park	D0840	124
2305	Judith Court Park	D0921	124
2306	Les Atkinson Park	D0572	136
2307	Yugarapul Park	D0576	136
2308	Yimbun Park	D0664	136
2309	Coolibah Park	D0788	136
2310	Gager Street Park	D0915	136
2311	Mortimer Road Park	D0563	1
2312	Grenier Park	D0568	1
2313	Norma Croker Park	D0569	1
2314	C.a.o Sullivan Park	D0570	1
2315	Marnham Street Park	D0579	1
2316	Kerry Road Park	D1145	7
2317	Beryl Roberts Park	D0730	40
2318	The Village Avenue Park	D1472	40
2319	Stimpson Park	D0384	99
2320	Poinciana Park	D0385	99
2321	Moolabin Park	D0386	99
2322	Koala Park	D0387	99
2323	Pegg's Park	D0388	99
2324	Muriel Avenue Park	D0539	99
2325	Veterans Park	D0540	99
2326	Tonks Street Park	D0541	99
2327	Alexander Park	D0542	99
2328	Luxworth Place (Road Reserve)	D1790	99
2329	Fauna Parade Park	D0548	123
2330	Freney Street Park	D0549	123
2331	Toohey Forest Park	D0545	125
2332	Salisbury Recreation Reserve	D0553	125
2333	Rosebank Square	D0554	125
2334	Lillian Avenue Park	D0555	125
2335	Assembly Street Park	D1436	125
2336	Shaftesbury Street Park	D0398	141
2337	Moorbell Street Park	D0403	141
2338	Monash Road Park (Road Reserve)	D1286	141
2339	Timberland Park	D0644	4
2340	Col Bennet Park	D0678	4
2341	Endiandra Street Park	D0765	4
2342	Beaudesert Road Park	D1353	25
2343	Hamish Street Park	D1463	25
2344	Calamvale District Park	D2072	25
2345	The Lake Parklands	D1279	58
2346	Phillip Place Park (Forest Lake)	D1566	58
2347	Princeton Place Park	D1683	58
2348	Woogaroo Reserve	D1743	58
2349	Claremont Parade Park	D1799	58
2350	Central Street Park	D1862	58
2351	Cascade Drive Park (No.20)	D2007	58
2352	Sanctuary Drive Park	D2171	58
2353	Eungella Terrace Park	D2612	58
2354	Brush Box Place Park	D2190	67
2355	Heathwood Park	D3054	67
2356	Brookbent Road Park	D1676	116
2357	Springfield Crescent Park	D1194	117
2358	Billabong Place Park	D1195	117
2359	Lakewood Avenue Park	D1338	117
2360	Greenways Esplanade Park	D1617	117
2361	Algester Road Park (No.515)	D1722	117
2362	Daintree Drive Park (No.65)	D2005	117
2363	Talisker Place Park	D2028	117
2364	Watheroo Place Park	D2147	117
2365	Gardens Drive Park (No 15)	D2105	154
2366	Carole Park Community Park	D1356	32
2367	Mulley Park	D1358	32
2368	Ospya Park	D1359	32
2369	Julie Road Park	D1360	32
2370	Warren Ritchie Memorial Complex Park	D1362	32
2371	Balfour Park	D0326	43
2372	Ducie Street Park	D0327	43
2373	Sanananda Street Park	D0705	43
2374	Wallaroo Way Community Park	D1187	45
2375	Durella Street Park	D0855	47
2376	Jimbour Close Park	D1220	58
2377	Roxwell Street Park	D2015	58
2378	Jubilee Avenue Park	D2035	58
2379	Mcewan Park	D0565	74
2380	Elizabeth Bruce Playground Park	D0566	74
2381	Kev Hooper Memorial Park	D0567	74
2382	D.j.sherrington Park	D0580	74
2383	Cormorant Street Park	D0584	74
2384	Hock Davis Park	D0586	74
2385	I. S. A.  Memorial Park	D0943	74
2386	Richlands Depot Park	D1422	74
2387	Cawonga Park	D0012	114
2388	Nixon Park	D0317	114
2389	Lawson Street Park	D0319	114
2390	Lucock Place Park	D0321	114
2391	Cliveden Avenue Reserve	D0322	114
2392	Oxley Place Park	D0323	114
2393	Rikki Bailey Park	D0324	114
2394	Englefield Road Park (Nos.35-47)	D1484	114
2395	Muirfield Crescent Park	D1837	114
2396	C.j.greenfield Complex Park	D0564	120
2397	M. Z. Holland Memorial Park	D0339	149
2398	Hefferan Park	D0372	5
2399	Eric Crescent Park	D0390	5
2400	Gordon Thomson Park	D0297	35
2401	Queenscroft Street Park (No 112)	D0298	35
2402	Taylor Bridge Reserve	D0707	35
2403	George Scarlett Park	D0011	42
2404	Nosworthy Park	D0311	42
2405	Dunlop Park	D0316	42
2406	Archer Parade Park	D0877	42
2407	J.f. O'grady Memorial Park	D0022	54
2408	Robinson Park (Fairfield)	D0023	54
2409	Princess Street Park (Nos.5-21)	D0371	54
2410	Fairfield Park	D0375	54
2411	Norm Rose Park	D0377	54
2412	Giraween Park	D0009	62
2413	Faulkner Park	D0010	62
2414	Graceville Memorial Park	D0300	62
2415	Chelmer Childrens Playground Park	D0301	62
2416	Graceville Avenue Park	D0303	62
2417	Graceville Riverside Parklands	D0824	62
2418	Strickland Terrace Park	D0304	127
2419	Sherwood Forest Park	D0305	127
2420	John Herbert Memorial Vista Park	D0306	127
2421	Moorooka Lions Bicent. Picnic Grnd Park	D0383	162
2422	Brisbane Corso Park	D0373	163
2423	Leyshon Park	D0374	163
2424	Fehlberg Park	D0378	163
2425	Hyde Road Park	D0379	163
2426	Rowlinson Park	D0382	163
2427	Yeronga Memorial Park	D0389	163
2428	Esplanade Park	D0984	163
2429	Orsova Road Park	D0991	163
2430	Sedgley Park	D0127	3
2431	Quarry Park	D1423	3
2432	Enoggera Memorial Park	D0129	51
2433	Ferguson Park (Enoggera)	D0132	51
2434	Willmington Park	D0134	51
2435	Shand Street Park (No.131)	D0613	51
2436	Ferny Grove Picnic Ground Park	D0148	55
2437	Keperra Picnic Ground Park	D0631	55
2438	Movilla Street Park	D0659	55
2439	Leckmy Street Park	D0671	55
2440	Arbor Street Park	D1089	55
2441	Bellevue Avenue Park	D0612	59
2442	Silvertop Street Park	D0146	85
2443	Camoola Street Park	D0147	85
2444	Oxford Park Reserve	D0149	85
2445	Oxford Grove Park	D0151	85
2446	Grovely Sportsground Park	D0156	85
2447	Jurayelba Place Park	D0157	85
2448	Dash Street Park	D0706	85
2449	Kings Park	D0838	85
2450	Kindilan Park	D0865	85
2451	Bundara Park	D1042	85
2452	Keryn Place Park	D1177	85
2453	Fenwick Park	D0017	97
2454	Sid Loder Park	D0126	97
2455	Mitchelton Park	D0128	97
2456	Mcconaghy Street Park (Nos.171-235)	D0139	97
2457	St Helens Road Park (Nos.16-70)	D0163	97
2458	Lockrose Street Park	D1970	97
2459	Nelson Place Park	D1821	107
2460	Upper Kedron Recreation Reserve	D0150	145
2461	Julatten Place Park	D1351	145
2462	Selkirk Crescent Park	D1354	145
2463	Trevallyn Place Park	D1867	145
2464	Francis Outlook Park	D0308	42
2465	Jamboree Park	D0340	76
2466	Phil Denman Park	D1521	76
2467	Jindalee Park	D0334	77
2468	Pioneer Belz Park	D0335	77
2469	Amazon Place Park	D1381	77
2470	Horizon Drive Park	D1016	95
2471	Mt Ommaney Bushland Reserve	D0653	104
2472	Arrabri Avenue Park	D0976	104
2473	Lorikeet Park	D1864	104
2474	V.mcn.peachey Park	D0315	114
2475	Fort Road Bushlands	D2176	114
2476	Tigris Street Park	D1102	121
2477	Karumba Place Park	D1428	121
2478	Wolston Creek Bushland Reserve	D2031	121
2479	Portadown Park	D0793	129
2480	Avondale Park	D0919	129
2481	Rosemount Park	D1085	129
2482	Windermere Avenue Park (No.82)	D1823	129
2483	Thomas Macleod Avenue Park	D1824	129
2484	Mcpherson Road Park	D1224	138
2485	Rocks Riverside Park	D1845	138
2486	Barcoorah Street Park	D1261	153
2487	Wendouree Crescent Park	D1544	153
2488	Seabrook Circuit Park	D1936	153
2489	Anstead Bushland Reserve	D0709	6
2490	Booker Place Park	D0663	15
2491	Diosma Street Park	D0675	15
2492	Fiddlewood Crescent Park	D1090	15
2493	Pioneer Crescent Park	D1119	15
2494	Lather Road Park	D1229	15
2495	The Rafting Ground Park	D0267	23
2496	Deerhurst Road Park	D0272	23
2497	Brookfield Recreation Reserve	D0273	23
2498	Boyd Terrace Park	D1230	23
2499	Blackbutt Place Park	D1424	23
2500	Goolman Street Park	D0807	34
2501	Merri Merri Park	D0858	34
2502	Cicada Park	D1078	34
2503	Mt Crosby Sportsground	D1939	38
2504	Kookaburra Park - West	D1886	79
2505	Heritage Park	D1888	79
2506	Illawong Reserve	D1897	79
2507	Kupi Park	D1901	79
2508	Dumbarton Drive Park	D0265	83
2509	Brookfield Road Park	D0266	83
2510	Cromarty Street Park	D0642	83
2511	Wal Cocking Park	D0745	83
2512	Twilight Street Park	D0958	83
2513	Gubberley Street Park	D1189	83
2514	Henry Clarkson Park	D1333	83
2515	Akuna Street Park	D1515	83
2516	Palm Street Park	D1720	83
2517	Creekside Street Park	D0743	84
2518	Mirbelia Street Park	D0816	84
2519	Tuckett Street Park	D1033	84
2520	Livesay Road Park	D1699	98
2521	Lancewood Place Park	D3055	98
2522	Jarrah Street Park	D3122	98
2523	Platypus Park	D1894	102
2524	Dorrington Park	D0161	9
2525	Ashgrove Sportsground Park	D0186	9
2526	Stewart Place Park	D0187	9
2527	Seils Park	D0190	9
2528	Tennis Avenue Park	D0193	9
2529	Corbie Street Park	D0194	9
2530	Monoplane Street Park	D0869	9
2531	Wilcannia Park	D1095	9
2532	Amarina Avenue Park (Road Reserve)	D1303	9
2533	Jaloon Street Park	D1400	9
2534	St Johns Avenue Park (Nos.7-27)	D1710	9
2535	Bowman Park	D0178	14
2536	Jubilee Park	D0182	14
2537	Fletcher Parade Park (Nos.161-231)	D0183	14
2538	Enoggera Reservoir Park	D2332	52
2539	Free Street Park	D1316	107
2540	Gilbert Park	D0191	119
2541	Woolcock Park	D0192	119
2542	Paten Park	D0140	142
2543	Alfred & Lucinda Best Park	D0141	142
2544	Corramulling Park	D0155	142
2545	Walton Bridge Reserve	D0160	142
2546	Wittonga Park	D0637	142
2547	Tilquin Street Park	D0786	142
2548	Ron Ward Park	D0851	142
2549	Alan Willing Place Park	D1015	142
2550	Allamanda Street Park	D1155	142
2551	Badrick Park	D1809	142
2552	Donegal Place Park	D1844	142
2553	Moorlands Park	D0474	11
2554	Regatta Park	D0475	11
2555	Dunmore Park	D0476	11
2556	Norman Buchan Park	D0466	14
2557	Rainworth Park	D0473	14
2558	Hardgrave Park	D0070	22
2559	E. E. Mccormick Place	D0104	22
2560	Bancroft Park	D0197	82
2561	Marshall Park	D0744	82
2562	Milton Park	D0477	96
2563	Park Road Park	D1639	96
2564	Bedgood Park	D2112	96
2565	Mt Coot-tha Reserve	D0249	101
2566	Neal Macrossan Playground Park	D0174	115
2567	Gregory Park	D0478	115
2568	Ithaca Memorial Park (Road Reserve)	D0912	115
2569	Trammies Corner Park	D0978	115
2570	Sweetman Street Park	D1318	115
2571	Baroona Road Park (Road Reserve)	D1393	115
2572	Bridge Street Park	D0701	119
2573	Oakman Park	D0481	140
2574	Anzac Park	D0467	144
2575	Toowong Memorial Park	D0471	144
2576	Westbrook Park	D0483	144
2577	Mt Coot-tha Botanic Garden	D0647	144
2578	Sutling Street Park	D0252	34
2579	Cubberla Creek Reserve	D0253	34
2580	Kennewell Park	D0429	34
2581	Rebecca Street Park	D0784	34
2582	Marminde Street Park	D0864	34
2583	Green Hill Reservoir Park	D1430	34
2584	Cliveden Park	D0255	56
2585	Biami Yumba Park	D0259	56
2586	Fig Tree Pocket Riverside Reserve	D0260	56
2587	Mactier Street Park	D1323	56
2588	Keating Park	D0015	75
2589	Rainbow Forest Park	D0256	75
2590	Robertson Park	D0416	75
2591	Sir John Chandler Park	D0420	75
2592	Jack Speare Park	D0422	75
2593	Essex Road Park	D0423	75
2594	Moore Park	D0430	75
2595	Guyatt Park	D0408	132
2596	Acacia Park	D0409	132
2597	St Lucia Playground Park	D0411	132
2598	The Esplanade Park  (Road Reserve)	D1313	132
2599	Jack Cook Memorial Park	D0415	140
2600	Lex Ord Park	D0417	140
2601	Taringa Playground Park	D0424	140
2602	Whitmore Street Park	D2138	140
2603	Perrin Park	D0480	144
\.


--
-- TOC entry 2264 (class 0 OID 0)
-- Dependencies: 189
-- Name: parks_id_seq; Type: SEQUENCE SET; Schema: public; Owner: postgres
--

SELECT pg_catalog.setval('parks_id_seq', 2603, true);


--
-- TOC entry 2235 (class 0 OID 16511)
-- Dependencies: 186
-- Data for Name: password_resets; Type: TABLE DATA; Schema: public; Owner: postgres
--

COPY password_resets (email, token, created_at) FROM stdin;
\.


--
-- TOC entry 2245 (class 0 OID 16579)
-- Dependencies: 196
-- Data for Name: ratings; Type: TABLE DATA; Schema: public; Owner: postgres
--

COPY ratings (id, value, user_id, bubbler_id, created_at, updated_at) FROM stdin;
1	4	4	1474	\N	\N
2	4	4	1474	\N	\N
3	4	4	1474	\N	\N
4	4	4	1474	\N	\N
5	4	4	1474	\N	\N
6	4	4	1474	\N	\N
7	4	4	1474	\N	\N
8	4	4	1474	\N	\N
9	4	4	1474	\N	\N
10	3	4	1474	\N	\N
11	4	4	1474	\N	\N
12	3	4	1474	\N	\N
13	2	4	1474	\N	\N
14	1	4	1474	\N	\N
15	5	4	1474	\N	\N
16	2	4	1474	\N	\N
17	4	4	1474	\N	\N
18	3	4	1476	\N	\N
19	4	4	1476	\N	\N
20	3	4	1476	\N	\N
21	2	4	1476	\N	\N
22	1	4	1476	\N	\N
23	5	4	1476	\N	\N
24	2	4	1476	\N	\N
25	4	4	1476	\N	\N
\.


--
-- TOC entry 2265 (class 0 OID 0)
-- Dependencies: 195
-- Name: ratings_id_seq; Type: SEQUENCE SET; Schema: public; Owner: postgres
--

SELECT pg_catalog.setval('ratings_id_seq', 25, true);


--
-- TOC entry 2237 (class 0 OID 16521)
-- Dependencies: 188
-- Data for Name: suburbs; Type: TABLE DATA; Schema: public; Owner: postgres
--

COPY suburbs (id, name) FROM stdin;
1	Acacia Ridge
2	Albion
3	Alderley
4	Algester
5	Annerley
6	Anstead
7	Archerfield
8	Ascot
9	Ashgrove
10	Aspley
11	Auchenflower
12	Bald Hills
13	Banyo
14	Bardon
15	Bellbowrie
16	Belmont
17	Boondall
18	Bowen Hills
19	Bracken Ridge
20	Bridgeman Downs
21	Brighton
22	Brisbane
23	Brookfield
24	Bulimba
25	Calamvale
26	Camp Hill
27	Cannon Hill
28	Capalaba West
29	Carina
30	Carina Heights
31	Carindale
32	Carole Park
33	Carseldine
34	Chapel Hill
35	Chelmer
36	Chermside
37	Chermside West
38	Chuwar
39	Clayfield
40	Coopers Plains
41	Coorparoo
42	Corinda
43	Darra
44	Deagon
45	Doolandella
46	Drewvale
47	Durack
48	Dutton Park
49	East Brisbane
50	Eight Mile Plns
51	Enoggera
52	Enoggera Resvr
53	Everton Park
54	Fairfield
55	Ferny Grove
56	Fig Tree Pocket
57	Fitzgibbon
58	Forest Lake
59	Gaythorne
60	Geebung
61	Gordon Park
62	Graceville
63	Grange
64	Greenslopes
65	Hamilton
66	Hawthorne
67	Heathwood
68	Hemmant
69	Hendra
70	Herston
71	Highgate Hill
72	Holland Park
73	Holland Pk West
74	Inala
75	Indooroopilly
76	Jamboree Hts
77	Jindalee
78	Kangaroo Point
79	Karana Downs
80	Karawatha
81	Kedron
82	Kelvin Grove
83	Kenmore
84	Kenmore Hills
85	Keperra
86	Kuraby
87	Lota
88	Lutwyche
89	Macgregor
90	Mackenzie
91	Manly
92	Manly West
93	Mansfield
94	Mcdowall
95	Middle Park
96	Milton
97	Mitchelton
98	Moggill
99	Moorooka
100	Morningside
101	Mt Coot-tha
102	Mt Crosby
103	Mt Gravatt East
104	Mt Ommaney
105	Murarrie
106	New Farm
107	Newmarket
108	Newstead
109	Norman Park
110	Northgate
111	Nudgee
112	Nudgee Beach
113	Nundah
114	Oxley
115	Paddington
116	Pallara
117	Parkinson
118	Pinkenba
119	Red Hill
120	Richlands
121	Riverhills
122	Robertson
123	Rocklea
124	Runcorn
125	Salisbury
126	Sandgate
127	Sherwood
128	Shorncliffe
129	Sinnamon Park
130	South Brisbane
131	Spring Hill
132	St Lucia
133	Stafford
134	Stafford Hts
135	Stretton
136	Sunnybank
137	Sunnybank Hills
138	Svtn Mile Rocks
139	Taigum
140	Taringa
141	Tarragindi
142	The Gap
143	Tingalpa
144	Toowong
145	Upr Kedron
146	Upr Mt Gravatt
147	Valley
148	Virginia
149	Wacol
150	Wakerley
151	Wavell Heights
152	West End
153	Westlake
154	Willawong
155	Wilston
156	Windsor
157	Wishart
158	Woolloongabba
159	Wooloowin
160	Wynnum
161	Wynnum West
162	Yeerongpilly
163	Yeronga
164	Zillmere
165	Albion
166	Alderley
167	Algester
168	Annerley
169	Anstead
170	Archerfield
171	Ascot
172	Ashgrove
173	Aspley
174	Auchenflower
175	Bald Hills
176	Banyo
177	Bardon
178	Bellbowrie
179	Belmont
180	Boondall
181	Bowen Hills
182	Bracken Ridge
183	Bridgeman Downs
184	Brighton
185	Brisbane
186	Brookfield
187	Bulimba
188	Calamvale
189	Camp Hill
190	Cannon Hill
191	Capalaba West
192	Carina
193	Carina Heights
194	Carindale
195	Carole Park
196	Carseldine
197	Chapel Hill
198	Chelmer
199	Chermside
200	Chermside West
201	Chuwar
202	Clayfield
203	Coopers Plains
204	Coorparoo
205	Corinda
206	Darra
207	Deagon
208	Doolandella
209	Drewvale
210	Durack
211	Dutton Park
212	East Brisbane
213	Eight Mile Plns
214	Enoggera
215	Enoggera Resvr
216	Everton Park
217	Fairfield
218	Ferny Grove
219	Fig Tree Pocket
220	Fitzgibbon
221	Forest Lake
222	Gaythorne
223	Geebung
224	Gordon Park
225	Graceville
226	Grange
227	Greenslopes
228	Hamilton
229	Hawthorne
230	Heathwood
231	Hemmant
232	Hendra
233	Herston
234	Highgate Hill
235	Holland Park
236	Holland Pk West
237	Inala
238	Indooroopilly
239	Jamboree Hts
240	Jindalee
241	Kangaroo Point
242	Karana Downs
243	Karawatha
244	Kedron
245	Kelvin Grove
246	Kenmore
247	Kenmore Hills
248	Keperra
249	Kuraby
250	Lota
251	Lutwyche
252	Macgregor
253	Mackenzie
254	Manly
255	Manly West
256	Mansfield
257	Mcdowall
258	Middle Park
259	Milton
260	Mitchelton
261	Moggill
262	Moorooka
263	Morningside
264	Mt Coot-tha
265	Mt Crosby
266	Mt Gravatt East
267	Mt Ommaney
268	Murarrie
269	New Farm
270	Newmarket
271	Newstead
272	Norman Park
273	Northgate
274	Nudgee
275	Nudgee Beach
276	Nundah
277	Oxley
278	Paddington
279	Pallara
280	Parkinson
281	Pinkenba
282	Red Hill
283	Richlands
284	Riverhills
285	Robertson
286	Rocklea
287	Runcorn
288	Salisbury
289	Sandgate
290	Sherwood
291	Shorncliffe
292	Sinnamon Park
293	South Brisbane
294	Spring Hill
295	St Lucia
296	Stafford
297	Stafford Hts
298	Stretton
299	Sunnybank
300	Sunnybank Hills
301	Svtn Mile Rocks
302	Taigum
303	Taringa
304	Tarragindi
305	The Gap
306	Tingalpa
307	Toowong
308	Upr Kedron
309	Upr Mt Gravatt
310	Valley
311	Virginia
312	Wacol
313	Wakerley
314	Wavell Heights
315	West End
316	Westlake
317	Willawong
318	Wilston
319	Windsor
320	Wishart
321	Woolloongabba
322	Wooloowin
323	Wynnum
324	Wynnum West
325	Yeerongpilly
326	Yeronga
327	Zillmere
\.


--
-- TOC entry 2266 (class 0 OID 0)
-- Dependencies: 187
-- Name: suburbs_id_seq; Type: SEQUENCE SET; Schema: public; Owner: postgres
--

SELECT pg_catalog.setval('suburbs_id_seq', 327, true);


--
-- TOC entry 2234 (class 0 OID 16500)
-- Dependencies: 185
-- Data for Name: users; Type: TABLE DATA; Schema: public; Owner: postgres
--

COPY users (id, name, email, password, remember_token, created_at, updated_at) FROM stdin;
4	Andrew	andrew.dyer@dsiti.qld.gov.au	$2y$10$NYU86aDNhGfv2RWV6jrUNuYJMoinra0ZE63L7QFDyolWMjnr2SPgK	\N	2016-03-08 02:38:28	2016-03-08 02:38:28
\.


--
-- TOC entry 2267 (class 0 OID 0)
-- Dependencies: 184
-- Name: users_id_seq; Type: SEQUENCE SET; Schema: public; Owner: postgres
--

SELECT pg_catalog.setval('users_id_seq', 4, true);


--
-- TOC entry 2107 (class 2606 OID 16550)
-- Name: bubblers_pkey; Type: CONSTRAINT; Schema: public; Owner: postgres
--

ALTER TABLE ONLY bubblers
    ADD CONSTRAINT bubblers_pkey PRIMARY KEY (id);


--
-- TOC entry 2109 (class 2606 OID 16566)
-- Name: comments_pkey; Type: CONSTRAINT; Schema: public; Owner: postgres
--

ALTER TABLE ONLY comments
    ADD CONSTRAINT comments_pkey PRIMARY KEY (id);


--
-- TOC entry 2105 (class 2606 OID 16534)
-- Name: parks_pkey; Type: CONSTRAINT; Schema: public; Owner: postgres
--

ALTER TABLE ONLY parks
    ADD CONSTRAINT parks_pkey PRIMARY KEY (id);


--
-- TOC entry 2111 (class 2606 OID 16584)
-- Name: ratings_pkey; Type: CONSTRAINT; Schema: public; Owner: postgres
--

ALTER TABLE ONLY ratings
    ADD CONSTRAINT ratings_pkey PRIMARY KEY (id);


--
-- TOC entry 2103 (class 2606 OID 16526)
-- Name: suburbs_pkey; Type: CONSTRAINT; Schema: public; Owner: postgres
--

ALTER TABLE ONLY suburbs
    ADD CONSTRAINT suburbs_pkey PRIMARY KEY (id);


--
-- TOC entry 2097 (class 2606 OID 16510)
-- Name: users_email_unique; Type: CONSTRAINT; Schema: public; Owner: postgres
--

ALTER TABLE ONLY users
    ADD CONSTRAINT users_email_unique UNIQUE (email);


--
-- TOC entry 2099 (class 2606 OID 16508)
-- Name: users_pkey; Type: CONSTRAINT; Schema: public; Owner: postgres
--

ALTER TABLE ONLY users
    ADD CONSTRAINT users_pkey PRIMARY KEY (id);


--
-- TOC entry 2100 (class 1259 OID 16517)
-- Name: password_resets_email_index; Type: INDEX; Schema: public; Owner: postgres
--

CREATE INDEX password_resets_email_index ON password_resets USING btree (email);


--
-- TOC entry 2101 (class 1259 OID 16518)
-- Name: password_resets_token_index; Type: INDEX; Schema: public; Owner: postgres
--

CREATE INDEX password_resets_token_index ON password_resets USING btree (token);


--
-- TOC entry 2113 (class 2606 OID 16551)
-- Name: bubblers_park_id_foreign; Type: FK CONSTRAINT; Schema: public; Owner: postgres
--

ALTER TABLE ONLY bubblers
    ADD CONSTRAINT bubblers_park_id_foreign FOREIGN KEY (park_id) REFERENCES parks(id) ON DELETE CASCADE;


--
-- TOC entry 2115 (class 2606 OID 16572)
-- Name: comments_bubbler_id_foreign; Type: FK CONSTRAINT; Schema: public; Owner: postgres
--

ALTER TABLE ONLY comments
    ADD CONSTRAINT comments_bubbler_id_foreign FOREIGN KEY (bubbler_id) REFERENCES bubblers(id) ON DELETE CASCADE;


--
-- TOC entry 2114 (class 2606 OID 16567)
-- Name: comments_user_id_foreign; Type: FK CONSTRAINT; Schema: public; Owner: postgres
--

ALTER TABLE ONLY comments
    ADD CONSTRAINT comments_user_id_foreign FOREIGN KEY (user_id) REFERENCES users(id) ON DELETE CASCADE;


--
-- TOC entry 2112 (class 2606 OID 16535)
-- Name: parks_suburb_id_foreign; Type: FK CONSTRAINT; Schema: public; Owner: postgres
--

ALTER TABLE ONLY parks
    ADD CONSTRAINT parks_suburb_id_foreign FOREIGN KEY (suburb_id) REFERENCES suburbs(id) ON DELETE CASCADE;


--
-- TOC entry 2117 (class 2606 OID 16590)
-- Name: ratings_bubbler_id_foreign; Type: FK CONSTRAINT; Schema: public; Owner: postgres
--

ALTER TABLE ONLY ratings
    ADD CONSTRAINT ratings_bubbler_id_foreign FOREIGN KEY (bubbler_id) REFERENCES bubblers(id) ON DELETE CASCADE;


--
-- TOC entry 2116 (class 2606 OID 16585)
-- Name: ratings_user_id_foreign; Type: FK CONSTRAINT; Schema: public; Owner: postgres
--

ALTER TABLE ONLY ratings
    ADD CONSTRAINT ratings_user_id_foreign FOREIGN KEY (user_id) REFERENCES users(id) ON DELETE CASCADE;


--
-- TOC entry 2252 (class 0 OID 0)
-- Dependencies: 8
-- Name: public; Type: ACL; Schema: -; Owner: postgres
--

REVOKE ALL ON SCHEMA public FROM PUBLIC;
REVOKE ALL ON SCHEMA public FROM postgres;
GRANT ALL ON SCHEMA public TO postgres;
GRANT ALL ON SCHEMA public TO PUBLIC;


-- Completed on 2016-03-11 09:57:06

--
-- PostgreSQL database dump complete
--

